Data;Otwarcie;Najwyzszy;Najnizszy;Zamkniecie;Wolumen
2017-09-14;73;73;53.03;60;76480
2017-09-15;59.5;69;58;68.93;15174
2017-09-18;68.96;71.3;67;67.02;6579
2017-09-19;68;68.7;62.71;63.05;4866
2017-09-20;63.96;64.72;63.1;63.11;1161
2017-09-21;64;64;58.29;60.98;4610
2017-09-22;61.7;62.9;59.5;62.77;695
2017-09-25;62.75;62.75;62.5;62.64;62
2017-09-26;62.64;62.64;60;61;115
2017-09-27;60.5;66;59;65.85;5475
2017-09-28;66.4;66.6;63.15;66.45;1104
2017-09-29;66.11;66.45;63.6;63.6;2376
2017-10-02;65.95;65.95;63.5;63.51;873
2017-10-03;65.8;65.98;62.99;65;3394
2017-10-04;65.07;65.65;64.3;64.5;1153
2017-10-05;65.65;65.85;64;65;758
2017-10-06;65.85;65.85;64.2;65.85;74
2017-10-09;65.85;66;64.7;65.3;960
2017-10-10;65.85;65.85;64;64;532
2017-10-11;64;65.84;63;65;1274
2017-10-12;65.5;65.55;65;65;158
2017-10-13;65;65.5;62.5;65.4;2016
2017-10-16;63.01;66.45;63.01;66.38;2346
2017-10-17;66.3;69.05;66;68.14;2273
2017-10-18;68.1;68.5;65.31;65.31;827
2017-10-19;65.5;68;65.5;68;40
2017-10-20;66.35;66.35;66.34;66.34;165
2017-10-23;66;66;65;65;282
2017-10-24;63.36;64.9;63.16;64.89;284
2017-10-25;64;65.25;58.1;63.9;810
2017-10-26;64;64;63.6;63.9;153
2017-10-27;63.5;63.5;61.05;61.25;189
2017-10-30;61.25;61.25;59;61.25;1248
2017-10-31;62;62;62;62;1
2017-11-02;59;63;58.85;63;1469
2017-11-03;59.9;62.9;59.16;62.9;428
2017-11-06;62.89;62.89;62.89;62.89;1
2017-11-07;59.15;61.88;59.15;61.88;277
2017-11-08;58.9;62.59;58.9;61.48;993
2017-11-09;59.59;59.99;59.59;59.6;228
2017-11-10;59.1;59.49;56.4;57.37;1562
2017-11-13;56;60.88;56;60.5;1505
2017-11-14;60;60;60;60;222
2017-11-15;59;59.99;59;59.99;92
2017-11-16;57.5;57.5;57.5;57.5;200
2017-11-17;57;57.5;47;56.8;441
2017-11-20;56.8;56.8;56;56;276
2017-11-21;53.5;55;52.8;53;1060
2017-11-22;54.2;54.8;52.85;53;317
2017-11-23;54.4;62.55;54.4;59.99;1101
2017-11-24;59.9;62;56.52;62;477
2017-11-27;56.6;60;56.6;60;105
2017-11-28;58;61;58;61;228
2017-11-29;62.5;62.5;62;62;82
2017-11-30;62;62;57.57;62;23
2017-12-01;61;61;61;61;5
2017-12-04;61;61.23;57.57;57.57;35
2017-12-05;61.23;61.23;61.23;61.23;2
2017-12-06;58.03;60.85;58.03;60.85;30
2017-12-07;58.5;60.85;58.5;60.85;192
2017-12-08;60.85;61.23;60.85;61.23;65
2017-12-11;61.23;61.23;61.23;61.23;1
2017-12-12;58.03;61.23;58;61.23;245
2017-12-13;61.23;61.23;58.3;58.3;124
2017-12-14;61.19;62;59;61.3;520
2017-12-15;61.9;63;60;60;486
2017-12-18;60;60;59.4;60;124
2017-12-19;60;61.5;59.4;61.5;139
2017-12-20;61.5;64;61.5;64;13
2017-12-22;63;63;61;62.8;10218
2017-12-27;60;62.5;60;60.15;49
2017-12-28;60.5;64.2;60.5;64;99
2017-12-29;63.1;63.1;62;63.1;246
2018-01-03;60.6;64;60.6;63;81
2018-01-04;61.5;63.8;61.5;63.8;173
2018-01-05;63;66;63;66;1115
2018-01-08;66;68;63.7;68;220
2018-01-09;67.9;67.9;65.4;66;516
2018-01-10;65.8;65.8;64.01;64.01;542
2018-01-11;65.5;68;65;65;2850
2018-01-12;66;67;66;67;519
2018-01-15;69.4;69.8;66;69;1937
2018-01-16;68.99;68.99;67.55;68;347
2018-01-17;68.4;68.4;66.65;66.65;254
2018-01-18;66.7;67.4;66.2;67.4;396
2018-01-19;68.7;68.7;65;68.1;457
2018-01-22;67.95;67.95;67.95;67.95;30
2018-01-23;65;72;65;68.8;1666
2018-01-24;68.4;68.4;68;68;133
2018-01-25;67;67;67;67;60
2018-01-26;68;69.8;68;68;259
2018-01-29;68;68.8;68;68.8;265
2018-01-30;67.6;67.6;66;66;150
2018-01-31;66.2;66.8;65;65.2;149
2018-02-01;67.8;68;65.6;65.6;79
2018-02-02;66.2;66.2;66.2;66.2;75
2018-02-05;66;66;65;65;155
2018-02-06;65;66;60;62.8;775
2018-02-07;60.4;66;60.4;62;201
2018-02-08;60.4;63;60.4;63;213
2018-02-09;63.6;63.6;61;63.6;39
2018-02-12;64;68.6;64;67;682
2018-02-13;68;72.6;67;71;4983
2018-02-14;73;73.6;71;73.4;2787
2018-02-15;73.8;85;73.6;78;5941
2018-02-16;79;82.4;78;79;7318
2018-02-19;83;83;80;80.8;1730
2018-02-20;79.8;81.8;79.8;81;508
2018-02-21;81.2;82.4;80;80;391
2018-02-22;80;80;78.2;78.2;1035
2018-02-23;80;81.6;78.6;80;275
2018-02-26;81;81.6;80.8;80.8;419
2018-02-27;81;81;78.4;79;595
2018-02-28;78.6;78.6;77.2;77.2;4016
2018-03-01;77.2;78;77.2;77.8;311
2018-03-02;77.8;77.8;76;77.8;178
2018-03-05;77.4;77.4;77.4;77.4;34
2018-03-06;76;79.6;74.6;75;661
2018-03-07;75;79;75;77.8;462
2018-03-08;77;77.4;76;76;106
2018-03-09;77;77;75;77;374
2018-03-12;75.2;76.6;74;74;1108
2018-03-13;73.4;74;73;73;439
2018-03-14;72.2;79.6;72.2;76.8;97
2018-03-15;77;77;70.4;72.6;387
2018-03-16;74.8;80.2;74.8;76.2;1239
2018-03-19;79.6;79.6;75;77;519
2018-03-20;78;79;76.4;76.4;794
2018-03-21;76.2;76.2;75.6;76;331
2018-03-22;77.2;77.2;75.2;75.2;135
2018-03-23;75;76.6;73;76.6;350
2018-03-26;76.6;77.8;73.6;76.4;846
2018-03-27;76.4;76.4;75;76.2;45
2018-03-28;75.2;77;74.6;77;124
2018-03-29;74.6;76;72.8;76;314
2018-04-03;75;75;74.6;75;731
2018-04-04;74;76;73.6;76;365
2018-04-05;76;76.8;75;76;478
2018-04-06;78;78.8;77;77.8;1325
2018-04-09;78;82;78;80;1079
2018-04-10;80;80.4;80;80.4;2051
2018-04-11;80.4;81;80;80;405
2018-04-12;81;81;78;79.8;1685
2018-04-13;79.8;80;79.8;80;75
2018-04-16;79.8;79.8;78.4;79.4;105
2018-04-17;79.6;79.6;78;79.4;1183
2018-04-18;79;81.6;78;79.6;351
2018-04-19;78.2;78.2;78.2;78.2;130
2018-04-20;79;79;78.2;78.2;70
2018-04-23;78.4;78.4;75;75;947
2018-04-24;76;76;71;76;972
2018-04-25;75.6;79.4;72;72;938
2018-04-26;72.2;74;61;68.2;1281
2018-04-27;69;71;66;70.4;702
2018-04-30;69;70.4;65;67.8;1102
2018-05-02;67.8;74;63.6;74;433
2018-05-04;71;72.8;71;72.8;51
2018-05-07;73;73.6;69;72.6;587
2018-05-08;67.2;72.4;67;68;206
2018-05-09;71;71;68;69.6;155
2018-05-10;70;73;68;68;607
2018-05-11;70;71;66;67.2;703
2018-05-14;67;68;62.6;65.8;1085
2018-05-15;67.8;67.8;62;65.8;900
2018-05-16;66.6;68.8;65.8;65.8;474
2018-05-17;66.2;66.2;63.4;63.4;83
2018-05-18;65;67;63;67;366
2018-05-21;66;66;63.4;64.6;215
2018-05-22;63.4;63.6;63.4;63.4;165
2018-05-23;63.6;65.2;63.4;65.2;61
2018-05-24;65.2;66;64.2;64.8;430
2018-05-25;66;66;61.6;64.6;415
2018-05-28;63;64.6;62.6;64.6;1920
2018-05-29;63;63.8;61.4;62;728
2018-05-30;62;63;62;63;578
2018-06-01;63;72;62;68.8;2412
2018-06-04;70;72;69.8;70.2;620
2018-06-05;70;70.2;70;70.2;335
2018-06-06;70;70.2;70;70.2;340
2018-06-07;70;72;68;69;1138
2018-06-08;70;72;70;72;1526
2018-06-11;74;74;70;73.8;1162
2018-06-12;74;85.2;74;83;3412
2018-06-13;82.2;82.2;78.8;81.6;949
2018-06-14;85;87;83;86.8;4780
2018-06-15;86.8;91;86.8;90.8;6359
2018-06-18;90.6;90.6;88;90.4;125
2018-06-19;92;96.8;92;95;7149
2018-06-20;96;97;93.2;94;490
2018-06-21;94;95.8;92;92;2045
2018-06-22;92;95.8;87.2;93.8;739
2018-06-25;95.4;96.8;93;93.2;618
2018-06-26;96;96;78;90;2010
2018-06-27;92;96.8;90;94;615
2018-06-28;93;94.8;90;93.8;280
2018-06-29;92.2;93.8;91.4;93.8;1453
2018-07-02;92.4;93;89.2;92.8;589
2018-07-03;92.8;95;89.2;93;531
2018-07-04;93;94.8;91;94;331
2018-07-05;92;93.6;90.2;93.6;675
2018-07-06;92;94.6;91;94.6;424
2018-07-09;94.8;95;92.6;92.6;101
2018-07-10;94.2;94.2;93.2;93.2;88
2018-07-11;94;94;93;93.2;666
2018-07-12;93;93.6;93;93.6;116
2018-07-13;93;93.2;93;93;233
2018-07-16;93;98.8;93;93;1345
2018-07-17;95;95;93;93;100
2018-07-18;94;94;93;93;310
2018-07-19;94;94.8;94;94;204
2018-07-20;94;94;92;93.6;353
2018-07-23;94;94;90;90;388
2018-07-24;91;92.6;91;92;119
2018-07-25;92;94.2;92;94;2149
2018-07-26;94;94.4;93;94.4;326
2018-07-27;94;94;92.8;94;273
2018-07-30;94.6;95;94;94.6;924
2018-07-31;95;95;94.6;94.8;313
2018-08-01;95;108;95;103.5;1019
2018-08-02;105;126;103.5;125;5483
2018-08-03;128;160;128;149;8763
2018-08-06;149;180;149;165;7762
2018-08-07;163;164;147;147;1922
2018-08-08;152;152;120;120;8039
2018-08-09;125;137;116;135;2898
2018-08-10;135.5;148;131.5;140;2712
2018-08-13;138;146;136;140;664
2018-08-14;140;168;140;168;1830
2018-08-16;170;183.5;169;169;2075
2018-08-17;173.5;173.5;156.5;166;876
2018-08-20;166;166;159;159;239
2018-08-21;158;166;150.5;161.5;528
2018-08-22;159;159;147;158;577
2018-08-23;157;157;146;150;305
2018-08-24;146.5;166;146.5;165;180
2018-08-27;160;175;160;168;1063
2018-08-28;162;172;160;167;679
2018-08-29;162;163.5;150;158;837
2018-08-30;162.5;165;153;154;469
2018-08-31;156.5;160;152;159;1030
2018-09-03;151;159;140;157;1304
2018-09-04;150;151;134;135.5;1551
2018-09-05;133.5;139;125;128;1685
2018-09-06;121;134.5;120;134;1487
2018-09-07;126;131.5;123;128;593
2018-09-10;127.5;131.5;123;131.5;376
2018-09-11;133;133;123;129;470
2018-09-12;129;131;129;129;56
2018-09-13;135;145;134.5;145;1021
2018-09-14;141;145;135;144.5;867
2018-09-17;145;146;135.5;146;868
2018-09-18;146;148;140;146;840
2018-09-19;148;148;142.5;146;685
2018-09-20;146;156;145;153;315
2018-09-21;156;156;143;143;598
2018-09-24;142.5;150;141;146.5;820
2018-09-25;141;146;140;146;673
2018-09-26;141;145;141;145;51
2018-09-27;140.5;145;140;145;245
2018-09-28;145;160;145;155;8161
2018-10-01;155;155;149.5;155;286
2018-10-02;150;153;145;153;20
2018-10-03;148;159.5;148;159.5;257
2018-10-04;157;158.5;153.5;158.5;88
2018-10-05;157;159;151;154;152
2018-10-08;146;156;146;154;62
2018-10-09;154.5;154.5;150;152;50
2018-10-10;153;154;141;148;187
2018-10-11;140.5;148;140;144;98
2018-10-12;141;146;141;146;164
2018-10-15;148;151.5;142;148;217
2018-10-16;143;147.5;143;147.5;83
2018-10-17;144;146;140.5;146;259
2018-10-18;142;145;131.5;136;454
2018-10-19;139;143.5;134.5;143.5;355
2018-10-22;133.5;140;130;130;826
2018-10-23;130;140;130;138;186
2018-10-24;138;147;138;143;500
2018-10-25;133;141;128;141;485
2018-10-26;134;136.5;130.5;130.5;939
2018-10-29;130.5;132.5;124;126;1463
2018-10-30;132;133;125.5;125.5;213
2018-10-31;126;132;126;130;505
2018-11-02;132.5;138.5;132.5;134;202
2018-11-05;135;140;135;137;417
2018-11-06;140;140;140;140;51
2018-11-07;136;137;132;135;295
2018-11-08;132;133;129;130;193
2018-11-09;128;130;124;128;215
2018-11-13;123.5;128;110;128;369
2018-11-14;121;127.5;114;123;1004
2018-11-15;123;129.5;123;128;420
2018-11-16;127.5;135;125;131;258
2018-11-19;130;130;130;130;23
2018-11-20;124;129;121;129;116
2018-11-21;126;126;118.5;120;253
2018-11-22;120;125;120;124;440
2018-11-23;124;139;124;136.5;1075
2018-11-26;136.5;156;136.5;148.5;1114
2018-11-27;153;153;134;136;830
2018-11-28;136;147;136;145.5;174
2018-11-29;143;144.5;135;140;406
2018-11-30;141;144.5;135;143.5;186
2018-12-03;145;149;138;138;217
2018-12-04;140;145;139;139;187
2018-12-05;144;150;139;149.5;630
2018-12-06;150;154;145;150;165
2018-12-07;149.5;157.5;149.5;151.5;275
2018-12-10;149;168;148;167.5;862
2018-12-11;167.5;176.5;161;170;411
2018-12-12;169;172;164;170;211
2018-12-13;168;169;162;169;196
2018-12-14;166.5;169;165;169;142
2018-12-17;169;182;169;177;423
2018-12-18;174;178;170;173;561
2018-12-19;172;172.5;169;172;246
2018-12-20;173;173;167;171;149
2018-12-21;176;176;163;167;289
2018-12-27;167;167;158;162.5;195
2018-12-28;166.5;173.5;165;165;387
2019-01-02;165;165;155;163;30
2019-01-03;154;160;153;154;226
2019-01-04;155;159;152;159;189
2019-01-07;155;158;153;155;71
2019-01-08;154;159;153;159;64
2019-01-09;155;158;152;158;362
2019-01-10;159;172;157;167;316
2019-01-11;165;167;160;164;117
2019-01-14;161;169;159;164;281
2019-01-15;161;162;159;159.5;294
2019-01-16;159;167;159;167;420
2019-01-17;164;179;164;175;524
2019-01-18;173;194;171;184.5;1909
2019-01-21;183;184;179.5;184;302
2019-01-22;183;183;175;181.5;353
2019-01-23;179;183;176;181.5;960
2019-01-24;180;188;180;188;401
2019-01-25;188;188;180;184;154
2019-01-28;193;215;193;200;4940
2019-01-29;190;200;190;196;556
2019-01-30;195;196;185;185.5;1352
2019-01-31;185.5;195;185.5;194;384
2019-02-01;190;194;186;194;413
2019-02-04;193;202;189;189.5;610
2019-02-05;188.5;194;184.5;194;627
2019-02-06;197;197;189;194;184
2019-02-07;194;195;190;194.5;360
2019-02-08;190;193;187;187;830
2019-02-11;187;187;180;186;406
2019-02-12;183;192.5;182;189;728
2019-02-13;189;190;182.5;187;1118
2019-02-14;188;188;170;184.5;970
2019-02-15;186;206;186;195.5;1624
2019-02-18;200;217;200;216;5461
2019-02-19;218;234;218;233;4196
2019-02-20;232;232;214;215;2110
2019-02-21;214;214;193;205;3274
2019-02-22;200;202;199;200;319
2019-02-25;202;202;188.5;194.5;1951
2019-02-26;192.5;192.5;182;187;1002
2019-02-27;185;186;182.5;185;1295
2019-02-28;185;185;175;175.5;3274
2019-03-01;170;176;166.5;173.5;1577
2019-03-04;167;187;167;182;1831
2019-03-05;184;184;178;180;830
2019-03-06;181.5;186.5;179;184;775
2019-03-07;184;184;172;180;819
2019-03-08;182;182;175;182;436
2019-03-11;184;184;178;178.5;312
2019-03-12;181;181;177;180;237
2019-03-13;180;180;177;180;93
2019-03-14;177;179;167;168.5;1672
2019-03-15;168.5;172.5;159.5;172.5;1590
2019-03-18;173.5;174;157.5;161;2924
2019-03-19;161;165;156;158;1411
2019-03-20;164;164;150;161;2255
2019-03-21;161;164.5;158;164.5;414
2019-03-22;164.5;166.5;160;166.5;398
2019-03-25;162.5;163;156.5;156.5;297
2019-03-26;156;160;152;160;1093
2019-03-27;160;166;157;162;373
2019-03-28;162.5;162.5;155;161;386
2019-03-29;160;160.5;145;157;3392
2019-04-01;160;167;160;166;856
2019-04-02;168;175;168;175;975
2019-04-03;176;180;175;179.5;938
2019-04-04;180;182;174;177;509
2019-04-05;177;179;167;177;2166
2019-04-08;177;179;173;179;251
2019-04-09;179;179;168;168.5;801
2019-04-10;168;174;163.5;165;472
2019-04-11;165;169.5;162;169.5;524
2019-04-12;170;170;165;168;459
2019-04-15;168;168;163;167.5;366
2019-04-16;168;179.5;166;175;1047
2019-04-17;178.5;178.5;170.5;175.5;94
2019-04-18;175;177;170;174.5;199
2019-04-23;172;173;168.5;170.5;99
2019-04-24;168.5;168.5;161;167.5;693
2019-04-25;165;167.5;159;162;639
2019-04-26;163;167;163;167;32
2019-04-29;164;166;162;166;128
2019-04-30;164;165;160;165;311
2019-05-02;165;169.5;163;169.5;344
2019-05-06;164.5;167.5;155;160;1542
2019-05-07;158;158;148.5;149;2090
2019-05-08;149;155;137;150;2400
2019-05-09;149.5;149.5;145;149;230
2019-05-10;149;153;146;153;170
2019-05-13;152.5;152.5;146.5;147;967
2019-05-14;148.5;153;147;149.5;806
2019-05-15;150;154;148.5;148.5;564
2019-05-16;151;153.5;148;151;463
2019-05-17;152;152;148;152;471
2019-05-20;152;152;147;148;333
2019-05-21;147.5;148;146.5;148;256
2019-05-22;148;148;140.5;143.5;1104
2019-05-23;139;143.5;132.5;138;1110
2019-05-24;141.5;141.5;140;140;174
2019-05-27;140;140;127;127.5;2777
2019-05-28;130;140;120;135;4290
2019-05-29;138.5;140;135;138.5;171
2019-05-30;140;144;139;144;344
2019-05-31;143;143;138.5;141;165
2019-06-03;141.5;141.5;137;140;236
2019-06-04;141;142;138.5;138.5;141
2019-06-05;139;141.5;139;139.5;348
2019-06-06;140.5;154;140.5;152.5;923
2019-06-07;154;157;153;156.5;442
2019-06-10;157;157;146;146.5;411
2019-06-11;151;151;146;150.5;128
2019-06-12;150;155.5;147;152.5;252
2019-06-13;152.5;153;140.5;153;654
2019-06-14;150;150;141;150;369
2019-06-17;145;149;145;149;34
2019-06-18;150;150;144;144;88
2019-06-19;147.5;151;145;151;63
2019-06-21;146.5;150.5;146;150.5;238
2019-06-24;149;149;144.5;144.5;461
2019-06-25;143.5;148.5;143;145;81
2019-06-26;145;146;143;146;107
2019-06-27;145;150;145;150;196
2019-06-28;150;152;147;147;149
2019-07-01;147;149.5;146;149;192
2019-07-02;146;151;146;149;787
2019-07-03;150.5;150.5;146;149.5;208
2019-07-04;150.5;151;146;148;75
2019-07-05;146;152.5;146;152.5;841
2019-07-08;148;149;145.5;148;382
2019-07-09;148;148;143;144;158
2019-07-10;144;144;135.5;140;417
2019-07-11;142;144;141;143;104
2019-07-12;143;149;142;149;198
2019-07-15;145;149;140;140;242
2019-07-16;141;141.5;140;141;533
2019-07-17;141.5;146;139.5;146;178
2019-07-18;146;146;141;141;135
2019-07-19;140;148;140;148;164
2019-07-22;148;149;145;149;194
2019-07-23;148;148;144.5;146;35
2019-07-24;146.5;148;144;144;106
2019-07-25;144;144;140.5;140.5;369
2019-07-26;141;143;135;142.5;370
2019-07-29;143;145.5;138;138;498
2019-07-30;144;144;135;135.5;546
2019-07-31;140;140;135;140;13
2019-08-01;135.5;140;134;138;364
2019-08-02;135;136;132.5;136;115
2019-08-05;132.5;134.5;129;133;637
2019-08-06;130;136;130;132;265
2019-08-07;132;132;128;130;380
2019-08-08;127;130;126;130;174
2019-08-09;131.5;131.5;130;130;64
2019-08-12;132;132;128;129;311
2019-08-13;130;130;128;128.5;318
2019-08-14;128.5;129;124;129;364
2019-08-16;128;128;120;126;764
2019-08-19;126;126;122;126;73
2019-08-20;125.5;134.5;125.5;134.5;781
2019-08-21;129;140;128;135;1106
2019-08-22;137.5;137.5;135;135;11
2019-08-23;135;135;135;135;2
2019-08-26;130;137.5;130;130;757
2019-08-27;130;134;130;134;25
2019-08-28;128;128.5;127;127;192
2019-08-29;128;128;120.5;124.5;483
2019-08-30;124;129;121;129;669
2019-09-02;128;128;115.5;119.5;431
2019-09-03;125;125;124;124;419
2019-09-04;124;127.5;122;124;149
2019-09-05;124;128;120;125;800
2019-09-06;122;127.5;121;127;343
2019-09-09;123;126;121;124.5;491
2019-09-10;124.5;125;122;125;288
2019-09-11;125;125.5;120.5;124.5;299
2019-09-12;121.5;121.5;121;121.5;83
2019-09-13;121.5;123;121;123;222
2019-09-16;121;121;119.5;121;308
2019-09-17;120;120;119;120;291
2019-09-18;119.5;120;118;119;444
2019-09-19;118.5;123;118;123;216
2019-09-20;122.5;122.5;119;120;405
2019-09-23;120;122;119;122;480
2019-09-24;121;121;120;120;215
2019-09-25;120;120;118;118;343
2019-09-26;118;119;118;119;78
2019-09-27;117;118.5;117;118;213
2019-09-30;117.5;118;108;118;1867
2019-10-01;107.5;113;104;107.5;1995
2019-10-02;107.5;107.5;92;100;2789
2019-10-03;100;110;100;110;651
2019-10-04;110;115;102.5;115;599
2019-10-07;113.5;114;110.5;114;268
2019-10-08;114;114;104.5;104.5;407
2019-10-09;110;110;100;106;692
2019-10-10;106;109;101;101.5;871
2019-10-11;101;109.5;101;109.5;730
2019-10-14;109.5;113;109.5;110;322
2019-10-15;106;111.5;105;111.5;214
2019-10-16;111.5;121.5;110.5;121.5;709
2019-10-17;123;124.5;109.5;109.5;869
2019-10-18;109.5;115.5;106.5;112;417
2019-10-21;110;113;109;109;371
2019-10-22;110;110;105;109.5;912
2019-10-23;110;110;102.5;108.5;989
2019-10-24;109.5;113.5;106;106;466
2019-10-25;113;113;105;109.5;1080
2019-10-28;109.5;110;105;105.5;398
2019-10-29;109;111;106;106.5;790
2019-10-30;109;109;102;107;690
2019-10-31;107;108;105;105;390
2019-11-04;107;108.5;102;105;959
2019-11-05;106;106;100;102;1113
2019-11-06;102.5;103.5;99;101;630
2019-11-07;101;101;97;99.4;926
2019-11-08;99.4;99.4;96;97;538
2019-11-12;97;128.5;95;128.5;2560
2019-11-13;136;139;115;115;7600
2019-11-14;115;122;115;116.5;1192
2019-11-15;121.5;121.5;117;121;371
2019-11-18;121;121;113;118;1173
2019-11-19;121.5;121.5;114.5;116;1127
2019-11-20;115;118;112;117;387
2019-11-21;121;121;119;120.5;530
2019-11-22;121;133;120;121.5;4139
2019-11-25;121;121;115;118;486
2019-11-26;118;118.5;116;117.5;234
2019-11-27;114;117.5;114;115;177
2019-11-28;114.5;116;109.5;112;1438
2019-11-29;111;112;108;110;519
2019-12-02;110;110;102.5;106;3167
2019-12-03;109.5;109.5;104;108;825
2019-12-04;108;112;106;108;537
2019-12-05;107.5;107.5;102.5;106.5;571
2019-12-06;104.5;109;101;108;917
2019-12-09;108;109;105;108.5;228
2019-12-10;109.5;110.5;105.5;107;406
2019-12-11;108.5;109.5;105;107;206
2019-12-12;109.5;112;107;107;1022
2019-12-13;107;111;107;111;249
2019-12-16;111.5;114.5;109;109;985
2019-12-17;109;113;109;112;459
2019-12-18;112;114.5;111;114;650
2019-12-19;114;120;113.5;120;2248
2019-12-20;120.5;125.5;120.5;121.5;852
2019-12-23;121;125.5;120.5;125;2212
2019-12-27;124;127.5;124;126.5;659
2019-12-30;125;127.5;124;124;884
2020-01-02;120;123.5;119;120;1696
2020-01-03;120;120.5;118.5;119.5;1305
2020-01-07;119.5;119.5;110;119.5;1161
2020-01-08;118;118;113.5;114;555
2020-01-09;115.5;117;112;116;471
2020-01-10;117;118.5;114;117;1456
2020-01-13;117;128;115;124.5;3445
2020-01-14;124.5;124.5;116.5;122.5;1277
2020-01-15;122.5;122.5;117;120;313
2020-01-16;120;124;118;123;1476
2020-01-17;123.5;123.5;117;123;705
2020-01-20;121.5;121.5;118;120;964
2020-01-21;122;130;122;123;8141
2020-01-22;128;128;125;127;2287
2020-01-23;127;127.5;123.5;124;1675
2020-01-24;126.5;126.5;118;118;1719
2020-01-27;118;118;112.5;116;1510
2020-01-28;114;116;113;115;1068
2020-01-29;114.5;115;112.5;112.5;866
2020-01-30;112.5;113;103.5;109;2335
2020-01-31;108;109;106.5;107.5;584
2020-02-03;107.5;108;101;102;3019
2020-02-04;101.5;103.5;100;100;4253
2020-02-05;102;103.5;100;103;2143
2020-02-06;105.5;108;105;106.5;1307
2020-02-07;108;108;103;103;1056
2020-02-10;103;103;95.8;100.5;1956
2020-02-11;100;100;95;95.8;2067
2020-02-12;96.8;100.5;94;100;1741
2020-02-13;100;106;97.2;104.5;960
2020-02-14;105.5;107;103.5;105.5;618
2020-02-17;105.5;109;100.5;104;1195
2020-02-18;104;107;100.5;103;996
2020-02-19;105;108.5;101;107.5;1833
2020-02-20;107;114.5;107;110.5;2621
2020-02-21;110.5;112.5;110.5;112.5;628
2020-02-24;113;113;101;101;3401
2020-02-25;102;104.5;95.2;102.5;3040
2020-02-26;102.5;102.5;94;100;2171
2020-02-27;101.5;101.5;88;88;3856
2020-02-28;85;92;77;91.2;6959
2020-03-02;91.2;100;84;87.2;4175
2020-03-03;88.6;90;81;87;3931
2020-03-04;86.4;88;81;87;4298
2020-03-05;95;95;90.2;92.8;3587
2020-03-06;91;91;85;89;2008
2020-03-09;82.8;82.8;75.4;76.2;5181
2020-03-10;76;80;70.4;72.8;3040
2020-03-11;75.8;75.8;65;70;5770
2020-03-12;66;66;53.6;53.6;4062
2020-03-13;66;72.6;62;70.4;8659
2020-03-16;70.4;75;66;73;2740
2020-03-17;72.2;78.6;70;74;3590
2020-03-18;75;75;69;69.2;1561
2020-03-19;70;74.6;70;72.8;2462
2020-03-20;75;77;72;74;2291
2020-03-23;71.4;71.8;68.2;71.6;933
2020-03-24;71.6;74;69.4;71;1679
2020-03-25;76.6;80.6;71.8;73;5942
2020-03-26;74.4;75.8;72.6;75;1279
2020-03-27;77.6;78;72;73;1730
2020-03-30;71.2;75;71;73;837
2020-03-31;75;79;70.6;72.4;4023
2020-04-01;73;75;72;73;1773
2020-04-02;75;75;70;72.2;1273
2020-04-03;74.8;74.8;70;73.6;1433
2020-04-06;70.6;77.6;70.6;77;1813
2020-04-07;76.8;78.2;73;77;921
2020-04-08;77;77;70.4;75.6;1589
2020-04-09;75.8;76.8;72;75;1346
2020-04-14;76;77;73;76.2;1921
2020-04-15;75;75.4;72.4;73;1963
2020-04-16;75;76.6;72.4;76.4;947
2020-04-17;79;87;77;87;5337
2020-04-20;89.8;98.4;88;91;5555
2020-04-21;92;92;83;84;3753
2020-04-22;84;96;84;95;2968
2020-04-23;95;97;90;90;2332
2020-04-24;90;90.2;85;87;2057
2020-04-27;85;89.4;83.4;85;1783
2020-04-28;87;87;78.4;82.6;4004
2020-04-29;82.6;83.6;78.2;82;2839
2020-04-30;82;84;80;83;979
2020-05-04;84;84;76.8;79;3672
2020-05-05;81;83.4;79;80;1025
2020-05-06;79;79.4;75;76;3298
2020-05-07;76;78.2;75.8;78;1271
2020-05-08;78.4;80.2;76;80;1342
2020-05-11;81.2;84;80.4;80.8;1327
2020-05-12;79.6;82.6;77.4;80.2;1595
2020-05-13;79;82;78.6;81.2;976
2020-05-14;79.2;83.8;76.4;77;2878
2020-05-15;79.2;82;78.8;79.6;1156
2020-05-18;81;81.8;79.2;80.8;359
2020-05-19;81.2;83;81;82.4;617
2020-05-20;83;83;81;82.4;1207
2020-05-21;82.4;83.2;80;81.8;637
2020-05-22;82.6;82.6;79.6;80.6;423
2020-05-25;82.2;82.2;79.4;80.8;207
2020-05-26;81.8;81.8;80;81.4;1220
2020-05-27;81.4;82.8;79.8;80.2;1291
2020-05-28;80.6;81.8;79.6;79.8;2079
2020-05-29;80;82;79.8;80.2;276
2020-06-01;81.8;81.8;80;81.8;747
2020-06-02;81.8;81.8;80;80;901
2020-06-03;81.8;82;80;81.8;1308
2020-06-04;82;82;77.6;80;1550
2020-06-05;80;81.2;76.4;78;1981
2020-06-08;78;88;76.6;87.8;5803
2020-06-09;88.6;89.2;82.8;84.4;2369
2020-06-10;86.4;86.6;82.2;83.2;714
2020-06-12;79;84.8;79;84.2;2579
2020-06-15;83;86.4;81.8;81.8;2100
2020-06-16;82;85.4;81.6;85.2;1423
2020-06-17;86.2;86.8;82;85.4;1499
2020-06-18;85.4;93.8;83;93;9203
2020-06-19;93.2;124;93.2;124;14574
2020-06-22;120;124;112.5;118;14484
2020-06-23;118;128;114.5;119;7486
2020-06-24;121;122;115.5;118;2252
2020-06-25;120;120;111;115;1436
2020-06-26;115;118;108.5;113;1909
2020-06-29;114;114;106;109;2188
2020-06-30;105;108;97.6;100;4398
2020-07-01;101;106;94.8;105.5;8497
2020-07-02;105.5;111.5;100;104.5;9098
2020-07-03;107;113;100;103.5;19234
2020-07-06;104.5;117;104;115;8456
2020-07-07;118.5;120;109;111;12179
2020-07-08;113.5;114.5;110;112;2528
2020-07-09;114.5;117;110.5;114;2408
2020-07-10;114.5;118;109.5;111;1699
2020-07-13;111;112;100;105;12480
2020-07-14;105;106;98.6;99;5012
2020-07-15;99;105;98.4;104;6635
2020-07-16;104;104;100;102;869
2020-07-17;101;101;96;100;2243
2020-07-20;103;104;100;100;1984
2020-07-21;100;102;96.8;98;3303
2020-07-22;98;100;96.2;99;3867
2020-07-23;98;100.5;95.2;98.2;2742
2020-07-24;98.4;98.8;94.6;97;3102
2020-07-27;98;98;92.2;92.8;4181
2020-07-28;92;94.8;89;90.6;5683
2020-07-29;89.2;90.6;87;88;5905
2020-07-30;88.8;88.8;81;81;4964
2020-07-31;81;87;79;84.8;5465
2020-08-03;86;90.4;83;86;4939
2020-08-04;86.8;88.6;85.2;87.8;2582
2020-08-05;90.4;110;87;100;16668
2020-08-06;104;105;95.6;96.8;4156
2020-08-07;98;99.6;92.6;95.8;2046
2020-08-10;95;95;91.8;93.2;855
2020-08-11;93.2;94;90.4;93.8;1332
2020-08-12;93.8;93.8;88;93;1658
2020-08-13;93;93.2;89;93.2;2939
2020-08-14;93.2;95;93;94.6;125
2020-08-17;94.6;94.8;91.2;93;697
2020-08-18;94;95;91.6;92.2;1025
2020-08-19;94.4;94.4;91.6;94;580
2020-08-20;93;95.8;91.8;94;1900
2020-08-21;96;96;93;94;839
2020-08-24;92;94;91;91.6;6441
2020-08-25;90.2;99;89.8;99;6025
2020-08-26;97.4;105;96.2;103;7925
2020-08-27;102;105;97;99.6;2368
2020-08-28;99.4;99.6;96.6;97;749
2020-08-31;99.6;106.5;94.6;106.5;10707
2020-09-01;110;110;97;97;4870
2020-09-02;98.8;99;96;97;1009
2020-09-03;98.4;98.6;92;92.2;2410
2020-09-04;89;90;88;88.2;2507
2020-09-07;88.2;94.8;86.6;93;2260
2020-09-08;92.2;94;84.4;85.8;2940
2020-09-09;80.4;85.8;80.2;85.8;7396
2020-09-10;87;87;83.4;87;885
2020-09-11;87.8;94;87;94;1751
2020-09-14;92.6;95.6;92.6;95.6;481
2020-09-15;95;95;94;94;173
2020-09-16;94.8;94.8;90.8;93.6;356
2020-09-17;92.8;93;90;90.6;352
2020-09-18;91;92;89.6;92;337
2020-09-21;92;92;85.2;86.2;1533
2020-09-22;86.2;89.4;85.6;85.6;657
2020-09-23;86;89.4;85.2;86.8;698
2020-09-24;88;88;82.2;85;1314
2020-09-25;86;94.6;82.2;90;3176
2020-09-28;90.6;92;88.4;90;2151
2020-09-29;91;91;87;90;716
2020-09-30;90;90;85.6;87.2;776
2020-10-01;87.2;88;86;86;353
2020-10-02;88;88;84.8;87.8;721
2020-10-05;87.4;87.4;83;84.4;1364
2020-10-06;84.8;85;82.4;84;3040
2020-10-07;84.2;86;83;83.2;999
2020-10-08;83.2;84.6;82.4;83.6;889
2020-10-09;83;83.2;75;80;7492
2020-10-12;77;79.4;75.8;77;3664
2020-10-13;79;79;73.2;74.8;2959
2020-10-14;73.2;75.8;73;75;1411
2020-10-15;75.8;75.8;70;70.2;4558
2020-10-16;70;74;70;74;2994
2020-10-19;74;76.8;73.8;76;1972
2020-10-20;76;83.6;76;80;1908
2020-10-21;80;80;72;76;2142
2020-10-22;77.8;77.8;73.2;75.8;1111
2020-10-23;77;77;74;75.6;418
2020-10-26;75.6;75.8;72;72;1470
2020-10-27;72;74;71.2;73.6;746
2020-10-28;74;74;67.4;68;2982
2020-10-29;68.8;69;67;69;2485
2020-10-30;69.8;69.8;64;67.4;1999
2020-11-02;67.6;69.8;63.2;68;2465
2020-11-03;68;70;66.6;68;1476
2020-11-04;68.8;69.8;65;67.8;1309
2020-11-05;68;71;67.4;71;1085
2020-11-06;71;74;68;71.2;4603
2020-11-09;72;80;71.8;77;1478
2020-11-10;79;79;71.2;73.6;1383
2020-11-12;73.6;75.4;72;75;382
2020-11-13;75.4;75.4;72;74.8;278
2020-11-16;75.4;75.4;73.2;75;997
2020-11-17;75.2;76;74;76;1251
2020-11-18;75.8;76.8;74;74.2;470
2020-11-19;76.2;76.2;75;76.2;349
2020-11-20;76;76;73;76;355
2020-11-23;76;77;73;75;1122
2020-11-24;79;82.2;75.2;78;2552
2020-11-25;78;78;75.2;77;568
2020-11-26;78.8;78.8;74;75;1218
2020-11-27;76;76;74;75.6;318
2020-11-30;76.8;76.8;71.8;74;1619
2020-12-01;78;78;73.2;76;2969
2020-12-02;77.2;78.6;77;78.4;2749
2020-12-03;78.6;78.6;76.2;78.4;553
2020-12-04;78.2;78.6;76;78.6;389
2020-12-07;80.2;80.2;76.8;78.6;1204
2020-12-08;78.4;79;77;78;2351
2020-12-09;79.4;79.4;76.2;76.2;1724
2020-12-10;77.6;77.6;75;76.4;1355
2020-12-11;76.4;76.4;73;75;5308
2020-12-14;75;75;72.2;73;1914
2020-12-15;73.4;73.8;72.2;72.2;638
2020-12-16;73;75;72.2;73.4;1270
2020-12-17;72.2;74.6;71.8;72.6;2147
2020-12-18;70.6;72.2;66.6;69;5510
2020-12-21;69;69;66;69;2030
2020-12-22;68;70;66.8;67;2584
2020-12-23;67;68.4;65;67.2;5361
2020-12-28;67.8;73.8;66;72;10401
2020-12-29;72;72.4;69;71.6;3760
2020-12-30;71;71.6;67.6;69.4;3977
2021-01-04;69.4;71;67;70.8;2971
2021-01-05;70;71;69.6;70;3342
2021-01-07;70;71;69.8;70;2151
2021-01-08;70;71.6;68.4;70.2;2052
2021-01-11;70.2;73.8;69.4;70.4;6915
2021-01-12;70.6;70.6;69;69.6;4099
2021-01-13;70.2;70.2;69;70;1028
2021-01-14;70;70;69;69.8;654
2021-01-15;69.8;70;67.8;67.8;2020
2021-01-18;69;69;67;69;2052
2021-01-19;68.8;70;67.2;68.8;1863
2021-01-20;68.8;68.8;67;68.6;783
2021-01-21;68.8;69.2;68.2;69;1266
2021-01-22;69;69;68.2;69;554
2021-01-25;69.4;69.4;68.2;68.2;473
2021-01-26;69;69;68;68;557
2021-01-27;68.6;68.8;67;68;1823
2021-01-28;68;68;66.2;67.4;1721
2021-01-29;67;67.4;66.6;66.6;777
2021-02-01;66.4;67;66.4;67;881
2021-02-02;67.6;69;66.2;68.6;2746
2021-02-03;68;68;65;67.8;2000
2021-02-04;68.2;75;68.2;70;12265
2021-02-05;70;70;67.6;67.6;1393
2021-02-08;67.8;69.2;67.4;67.4;723
2021-02-09;68.8;68.8;64;65.2;4213
2021-02-10;65.2;67.8;65;66;1465
2021-02-11;65.2;68;64.8;65.6;1520
2021-02-12;66;67.6;65.4;66;3466
2021-02-15;67.2;67.6;65.6;66.2;1871
2021-02-16;66.4;67.8;66;67.6;2147
2021-02-17;67.6;70;66.4;69.4;1557
2021-02-18;69;69.2;66.4;67.8;1929
2021-02-19;67.8;67.8;66.8;67.8;1118
2021-02-22;67.6;68;66.6;66.6;1120
2021-02-23;66.8;68.4;66;67.6;2262
2021-02-24;67.4;68;66;67.8;2783
2021-02-25;69.6;70;67.2;67.8;2659
2021-02-26;67.8;67.8;66.4;67;1414
2021-03-01;67.8;67.8;66.4;67.6;1406
2021-03-02;67.6;68.2;67.4;68;3209
2021-03-03;68.2;68.2;67;68;1535
2021-03-04;68;68.4;66.2;66.8;1901
2021-03-05;66.8;67;64;66.8;4661
2021-03-08;66.8;66.8;65;65;2688
2021-03-09;64.6;66.2;64.6;65;2010
2021-03-10;66;66;64.8;66;1402
2021-03-11;65;67.8;65;67.4;1013
2021-03-12;67.6;68.2;67.6;68;604
2021-03-15;68.6;70.6;68;70;2939
2021-03-16;69.4;70;68;68;3573
2021-03-17;69.6;69.8;66.4;68;1382
2021-03-18;68.4;69.2;67;67;969
2021-03-19;67;67;64.4;65;4715
2021-03-22;66;66;65.2;66;1614
2021-03-23;66.2;66.2;65.6;66;428
2021-03-24;67.8;67.8;65.2;67;992
2021-03-25;67.2;71;67;69.6;3858
2021-03-26;69;69;67;68;2991
2021-03-29;67;69.4;67;69;1243
2021-03-30;69;69;67;68;744
2021-03-31;68.6;68.6;66;67.8;1613
2021-04-01;68;68.9;67;68.9;1266
2021-04-06;68.9;69;67.3;68.5;1628
2021-04-07;68.6;68.6;67.1;68.4;1759
2021-04-08;68.1;68.4;67.4;68.4;830
2021-04-09;68.6;68.6;67.2;68.2;1868
2021-04-12;68.5;69.9;67.6;69.9;10308
2021-04-13;70.8;74.4;70.2;74.3;14940
2021-04-14;75.5;83;75.5;78.9;19095
2021-04-15;78.9;80;75;76.1;9190
2021-04-16;82.9;84.4;80.7;83.2;18652
2021-04-19;84;84.3;77;80;7277
2021-04-20;80;82.1;79.6;80;3608
2021-04-21;80.7;80.7;76;80;3941
2021-04-22;80;80;74.7;76.1;2513
2021-04-23;77;77;73;77;3516
2021-04-26;77.2;77.8;75.6;76.5;462
2021-04-27;76.3;76.3;74;74;1045
2021-04-28;74;79.4;74;79;2029
2021-04-29;79.6;80;79;79.7;807
2021-04-30;79.8;80.4;75.4;79.9;3040
2021-05-04;80;80;77.3;77.3;1266
2021-05-05;77;77.2;72.7;75.2;1882
2021-05-06;74;77.2;74;77;1246
2021-05-07;75;77;75;76.6;725
2021-05-10;76.9;76.9;74.3;74.6;733
2021-05-11;74;75;71.2;71.7;2512
2021-05-12;71;72.2;70.5;72;2603
2021-05-13;71.1;71.9;70.2;71.5;798
2021-05-14;71.7;73;70.8;72.8;840
2021-05-17;71.6;73;71.5;73;491
2021-05-18;73;73.2;70.7;71.3;4216
2021-05-19;71.3;71.3;69;70.7;1985
2021-05-20;72;72;68.3;69.8;1751
2021-05-21;69.6;70.2;69.3;70.2;796
2021-05-24;70;71;69.4;70.9;1861
2021-05-25;71.4;71.4;68.9;69.8;1124
2021-05-26;69.7;69.7;67.5;68;1401
2021-05-27;70.1;70.1;68;69;290
2021-05-28;68.8;69;68.1;69;1954
2021-05-31;68.3;70.5;67.7;69.2;1908
2021-06-01;68.6;69.7;67.6;68.6;2762
2021-06-02;70;70;68.4;69.4;1742
2021-06-04;70.4;70.4;65.2;67.6;4369
2021-06-07;67.7;67.7;65.5;67.5;4672
2021-06-08;67.3;67.3;65.5;66;3982
2021-06-09;65.7;67.4;64.8;65.7;4023
2021-06-10;65.9;66.2;64.4;65.4;1282
2021-06-11;65.3;65.3;63.9;64;3732
2021-06-14;64;64.6;63.9;64.3;3703
2021-06-15;64.7;64.7;63.3;64;3466
2021-06-16;64;64;61.6;63;1833
2021-06-17;63;63;62;62;720
2021-06-18;62.7;63.9;62.5;62.8;2747
2021-06-21;62.8;63.9;62.8;63.6;1134
2021-06-22;63.6;64;62.5;62.6;1611
2021-06-23;62.6;62.6;60;62.1;4065
2021-06-24;61.2;62.6;61.2;62.4;1461
2021-06-25;63;64.4;63;63.8;4077
2021-06-28;63.9;64.4;63;64;1645
2021-06-29;64.7;65;63.1;64;3223
2021-06-30;64.2;64.3;63.2;64.2;926
2021-07-01;64.4;69.8;64.4;67.6;13824
2021-07-02;68;72.4;68;72.1;15508
2021-07-05;72.1;72.1;68;70;4771
2021-07-06;71.9;73.7;70.2;70.2;8748
2021-07-07;70.2;72.5;68;70.3;5013
2021-07-08;68.1;69.6;66.2;66.8;4141
2021-07-09;67.4;67.4;65;66;2682
2021-07-12;66.9;66.9;65.8;66.3;2226
2021-07-13;66.2;66.3;64.8;65.8;2873
2021-07-14;65.8;66.3;64.7;64.8;1860
2021-07-15;65;66.9;64.9;66.7;2326
2021-07-16;67;69.9;66;69;1940
2021-07-19;69;69;64.2;64.3;3045
2021-07-20;65.4;65.9;64;65.5;1443
2021-07-21;65.8;67.9;65;67;2045
2021-07-22;68.7;69.5;66.7;68.3;2861
2021-07-23;68.7;68.7;66.3;67.7;1045
2021-07-26;67.8;67.8;65.3;65.3;1403
2021-07-27;65.2;66;64.2;66;1032
2021-07-28;66.5;67.4;65;65.9;730
2021-07-29;66.9;66.9;63.1;64.9;3024
2021-07-30;65.2;65.5;62.8;64.4;2606
2021-08-02;64.9;65.4;63;63;935
2021-08-03;64.3;64.3;62.9;62.9;733
2021-08-04;63.5;63.5;62.1;63;2221
2021-08-05;63.1;65;62.3;64.9;2461
2021-08-06;65.5;67.2;65.2;65.2;2353
2021-08-09;64;65.5;63;64.4;1972
2021-08-10;64.3;64.3;62.1;62.7;2727
2021-08-11;63.5;64;62.5;63.5;1149
2021-08-12;63.9;63.9;62.5;63.7;989
2021-08-13;63.7;63.9;62.7;63.5;1894
2021-08-16;64;64;62.1;63.3;1186
2021-08-17;62.5;63.1;61.5;61.6;3431
2021-08-18;62.5;62.5;60.3;60.3;4976
2021-08-19;60;60.2;51.8;60.2;34426
2021-08-20;58.9;62.3;57;62;4102
2021-08-23;62.2;65;60.8;62.1;4989
2021-08-24;63.9;64;61.1;63.2;683
2021-08-25;63.2;63.3;61;62.8;1605
2021-08-26;63;64.4;61.6;64.2;1277
2021-08-27;64.1;64.2;61.6;64;1418
2021-08-30;64;64.1;58.1;60.5;3166
2021-08-31;61.7;62.3;60.4;60.4;919
2021-09-01;62.2;62.6;60.8;61.9;906
2021-09-02;62.9;62.9;62.1;62.5;669
2021-09-03;62.8;62.8;60.6;62.8;828
2021-09-06;62.6;62.6;60.3;62;941
2021-09-07;62.6;62.6;60.6;60.7;865
2021-09-08;61;61.1;60.5;60.6;928
2021-09-09;60.5;61.6;60.5;60.8;887
2021-09-10;60.6;62;60.5;60.6;1453
2021-09-13;60.9;62;58.8;60.8;2847
2021-09-14;61;62.5;59.9;59.9;3539
2021-09-15;59.6;60.1;58.3;60;3582
2021-09-16;58.4;60.6;55.7;56;7314
2021-09-17;56.1;59;56.1;56.4;2241
2021-09-20;57;57;52.5;53.7;4676
2021-09-21;53.8;57.1;53.3;55.8;2986
2021-09-22;55.8;57.3;54.7;57.3;1755
2021-09-23;57.3;58.5;56.3;57;793
2021-09-24;58.2;58.2;56;57;571
2021-09-27;58.4;58.4;55.5;57.9;856
2021-09-28;58.5;58.5;55.7;57;550
2021-09-29;54.9;56.7;54.1;56.7;2247
2021-09-30;57;57;53.5;54;2382
2021-10-01;55;55.1;53.1;54.5;1759
2021-10-04;53.3;58;51.8;57;9043
2021-10-05;57.5;59;56.4;58.5;4182
2021-10-06;58.4;58.4;55.1;56;443
2021-10-07;56;57.6;56;57.6;482
2021-10-08;59;63.8;58.5;61.4;10208
2021-10-11;60.2;62;58.7;61;3065
2021-10-12;61;61.7;59.7;61.5;2323
2021-10-13;61.5;61.8;60.5;61.8;727
2021-10-14;61.8;62.5;59.7;62;2527
2021-10-15;62;62.3;60;60;1887
2021-10-18;60;60.5;58.3;59;894
2021-10-19;59.6;60;57;58.7;989
2021-10-20;60;60;57.2;57.5;903
2021-10-21;58;58.3;57.2;57.2;364
2021-10-22;58.4;58.4;56.7;56.7;581
2021-10-25;56.9;57.6;56;56.8;2567
2021-10-26;58.4;58.4;56;56.6;850
2021-10-27;58.3;58.3;56.5;58.3;398
2021-10-28;58.3;58.3;55.6;56;1304
2021-10-29;56;56;55.4;55.6;1141
2021-11-02;55.5;55.5;52.3;53;2479
2021-11-03;53.6;54.4;52.2;53;2216
2021-11-04;54;54.5;52.8;53.9;840
2021-11-05;55.1;56.2;52.7;53.9;3513
2021-11-08;53.9;53.9;52.2;53.6;887
2021-11-09;53.7;53.7;52.5;53.2;259
2021-11-10;53;53;50.7;51.1;1991
2021-11-12;51.8;52.6;51;52.5;645
2021-11-15;52;52.5;51;52.5;914
2021-11-16;52.5;52.5;51.5;52.5;379
2021-11-17;52.5;52.5;49.75;50;1895
2021-11-18;50;50;48.1;49.9;3997
2021-11-19;49.95;49.95;48.2;49.4;1247
2021-11-22;48.5;49.45;46.45;47.9;5069
2021-11-23;48.75;48.75;46.7;48;922
2021-11-24;48.7;48.7;47;47.95;818
2021-11-25;47.8;48.4;46.6;48.1;3241
2021-11-26;48.5;48.5;47.2;47.8;291
2021-11-29;48.5;48.5;45.3;47;1573
2021-11-30;47.9;48;45.6;48;1661
2021-12-01;48;49;46.95;48;2428
2021-12-02;48;48;47;48;1516
2021-12-03;47.9;48.3;47.65;48.1;1423
2021-12-06;48.5;48.5;46.9;46.9;1377
2021-12-07;46.9;48;46.9;48;369
2021-12-08;47.9;48;47;48;1647
2021-12-09;48;48;46;47;2710
2021-12-10;46.4;47;46.1;47;819
2021-12-13;46.8;46.8;46;46.05;3436
2021-12-14;45.2;45.35;44.8;44.8;4390
2021-12-15;44.8;44.8;43;43.6;1822
2021-12-16;43;43;41.1;42.7;3825
2021-12-17;43;43;41.75;42.7;4028
2021-12-20;42.5;42.7;41;41.8;8158
2021-12-21;42;46.2;39.7;45.5;65366
2021-12-22;45;45.95;44;45.95;4324
2021-12-23;45.1;46.6;45.05;45.65;11948
2021-12-27;45.95;45.95;45.2;45.8;7415
2021-12-28;45.7;45.95;45.45;45.45;5027
2021-12-29;45.4;45.9;45.4;45.8;463
2021-12-30;45.8;45.95;45.7;45.8;934
2022-01-03;45.65;48.5;45.65;48.25;534
2022-01-04;48.2;61.8;47.45;61.8;13668
2022-01-05;61;67;56.4;66.4;19480
2022-01-07;67.3;68.9;62.3;66;9769
2022-01-10;66.3;68;63.1;66;9293
2022-01-11;68;72;67;70.3;18070
2022-01-12;70.9;71.9;67;71;8341
2022-01-13;71;74;68.5;73.5;5029
2022-01-14;73.9;76.5;72;73;4971
2022-01-17;73.5;76.6;72;74.9;3449
2022-01-18;74.8;75;72;73.3;4358
2022-01-19;73.5;73.5;69;72;20726
2022-01-20;72;72.5;64.7;64.7;10953
2022-01-21;66;66;60.6;64.7;6215
2022-01-24;64.7;68.4;58.5;61.2;7567
2022-01-25;60;63.4;60;60.2;2470
2022-01-26;59;62.4;58.8;60;3491
2022-01-27;60.1;61.5;59;59;2991
2022-01-28;58.9;59;56.2;56.2;2670
2022-01-31;56.2;58.8;56.2;58.3;2122
2022-02-01;58.4;58.4;53.7;56;2695
2022-02-02;57;57;53.1;54.5;7527
2022-02-03;55;58.3;49.8;58.3;6264
2022-02-04;58.3;58.5;56;58.5;1117
2022-02-07;59.6;59.8;55.1;55.8;1630
2022-02-08;55.8;58;54.4;56.9;1600
2022-02-09;57;57;55.3;56.7;578
2022-02-10;56.8;56.8;55.6;56.5;388
2022-02-11;56.5;56.5;54.7;56.5;778
2022-02-14;55;55.4;52.4;54.8;1731
2022-02-15;56.4;56.6;54.1;56.6;686
2022-02-16;56.6;58.9;56.6;58.7;974
2022-02-17;58.5;58.5;55.2;56;1028
2022-02-18;57.5;58;55.2;55.2;2000
2022-02-21;54.8;56.8;50.5;53.8;2159
2022-02-22;52;52;49.7;50.5;4004
2022-02-23;50.5;53.7;50;51.9;3219
2022-02-24;47.55;49;42.8;45;7032
2022-02-25;47;54;45.05;54;4922
2022-02-28;48;51.2;46.8;51.2;3872
2022-03-01;51.3;52.5;48.5;48.65;2112
2022-03-02;48.65;48.85;44.5;44.7;10247
2022-03-03;44.9;46.95;44.9;46.8;1451
2022-03-04;46.95;47;44;46;3339
2022-03-07;45.9;45.9;42.8;45.5;2007
2022-03-08;45.5;46.9;44.1;44.1;989
2022-03-09;44.1;46.9;44.1;45;4127
2022-03-10;46.55;46.55;45;45.6;1468
2022-03-11;45.8;50.3;45.8;49.25;1491
2022-03-14;49.25;50.5;49.25;50.5;193
2022-03-15;50.5;51.7;48.55;51;110
2022-03-16;51.8;51.8;51.6;51.7;647
2022-03-17;51.9;51.9;49;49;1393
2022-03-18;50.5;51.5;50;51;947
2022-03-21;51;51;50;51;739
2022-03-22;51;54.8;51;54;2242
2022-03-23;54;54;52;53;106
2022-03-24;54.3;54.3;51.5;54.2;903
2022-03-25;54.1;54.1;49.4;49.4;3895
2022-03-28;50.9;51.9;50;51.7;654
2022-03-29;51.8;51.8;49.35;50.9;1206
2022-03-30;50.9;51;48.8;49.8;1436
2022-03-31;50.9;50.9;48.6;50.4;454
2022-04-01;50.6;50.6;49;50.5;241
2022-04-04;50.5;50.6;49.15;49.65;606
2022-04-05;49.65;63;49.5;58.4;10181
2022-04-06;58.2;58.2;53.4;54.8;3268
2022-04-07;57.5;57.5;54.8;56.5;972
2022-04-08;56.5;62.1;55.1;60.9;4574
2022-04-11;60.9;63.5;58.5;62.4;8007
2022-04-12;62.4;62.4;60.5;60.7;344
2022-04-13;60;63.8;60;62.2;846
2022-04-14;62.2;62.2;60;61.6;1288
2022-04-19;60;61.4;59.4;59.4;323
2022-04-20;61.4;61.4;58;60;2743
2022-04-21;61;61;56.6;58;3989
2022-04-22;57;58.4;53.8;57;1469
2022-04-25;57.8;57.8;55.8;56.2;2989
2022-04-26;58.8;58.8;56.4;58.6;469
2022-04-27;57;58.6;56;56;90
2022-04-28;58.8;58.8;55.2;55.2;628
2022-04-29;55.2;56;55.2;55.4;72
2022-05-02;55.4;59;55.2;56.8;623
2022-05-04;58.4;58.4;54.8;56.4;1822
2022-05-05;56.4;57.6;52.4;54;3903
2022-05-06;55;55;50;50;2011
2022-05-09;50;55;49.6;49.7;1288
2022-05-10;49.7;52.2;49;49;863
2022-05-11;51.8;51.8;47.5;48.3;1485
2022-05-12;48.3;50;46.3;49.9;2227
2022-05-13;49.8;51.4;49.8;51.4;40
2022-05-16;51.2;51.2;48.6;51.2;1036
2022-05-17;51.4;51.4;49;50;176
2022-05-18;50;50;49;50;561
2022-05-19;49.9;51;48;49.4;1132
2022-05-20;50.8;50.8;47.4;50.6;355
2022-05-23;50;50.6;47.8;50;1312
2022-05-24;49.8;50.8;47.6;48.3;1494
2022-05-25;48.2;50.8;47;47;1371
2022-05-26;48;48.2;47;48;242
2022-05-27;48;50;46.3;50;1860
2022-05-30;49.8;49.8;49;49;131
2022-05-31;48.9;48.9;46.8;48.8;366
2022-06-01;48.6;48.6;47;48.5;98
2022-06-02;48.4;48.4;46.1;47.7;1287
2022-06-03;47.5;47.6;46;46.8;844
2022-06-06;46.7;47;46;46.7;269
2022-06-07;46.6;47.8;46.2;46.2;835
2022-06-08;46.1;50.6;45.3;46.1;754
2022-06-09;46.3;48.8;46.3;47.8;1505
2022-06-10;48;48.1;48;48;240
2022-06-13;46.7;46.7;44.3;45;1807
2022-06-14;44.9;44.9;44.3;44.9;139
2022-06-15;44.8;44.9;43.3;44.9;919
2022-06-17;44.8;45;43.5;45;157
2022-06-20;44.9;45;44.1;45;449
2022-06-21;44.9;45;43.6;45;729
2022-06-22;44.9;44.9;44.9;44.9;30
2022-06-23;44.8;44.9;43.7;44.9;247
2022-06-24;44.8;44.8;43.3;43.3;760
2022-06-27;44.7;44.8;41.5;41.8;4167
2022-06-28;41.8;42;41.7;41.7;394
2022-06-29;41.7;42;41.6;42;1154
2022-06-30;41.9;42.8;41.7;41.7;147
2022-07-01;41.7;42.6;41.7;42;226
2022-07-04;41.8;44.4;41.8;42.9;1290
2022-07-05;42.8;43.9;42;43.8;994
2022-07-06;43.7;43.7;42.1;42.2;1199
2022-07-07;42.3;42.9;42;42.9;633
2022-07-08;42.8;44.3;41.8;42.1;1305
2022-07-11;43.7;43.8;42.1;43.8;563
2022-07-12;43.8;43.8;42.6;43.8;302
2022-07-13;43.7;46.5;43;44.9;1993
2022-07-14;44.7;44.7;43;44.4;804
2022-07-15;46;46;43.4;45.8;1685
2022-07-18;45.8;49.4;45.8;48.5;1405
2022-07-19;48.3;49.4;47;48;886
2022-07-20;49.1;49.1;47;48.6;1347
2022-07-21;47.1;49.6;47.1;47.6;102
2022-07-22;52.6;63;52.6;62.6;23320
2022-07-25;63.4;67.2;57.2;64;19586
2022-07-26;64;64;58.2;58.2;6767
2022-07-27;58.2;59.2;56.2;56.2;5629
2022-07-28;58.6;59;53;57;10105
2022-07-29;57;58.8;55.4;57;1378
2022-08-01;57.6;61.6;55.6;57;8383
2022-08-02;56.8;58;55.4;56;2777
2022-08-03;55.6;68.4;55.6;67.2;33857
2022-08-04;67.2;67.2;62.4;63.8;7441
2022-08-05;63.8;65.2;63.4;64.4;1549
2022-08-08;64.4;64.4;60;61.2;4030
2022-08-09;61.4;61.8;58;59.8;5140
2022-08-10;59.8;59.8;57.2;58;4359
2022-08-11;57.6;59.4;57.6;57.8;1871
2022-08-12;57.8;59.6;57.2;59.4;4571
2022-08-16;60;60.8;59;60;2026
2022-08-17;60;60;58;59.8;3325
2022-08-18;59.6;61;59.4;60.8;1896
2022-08-19;61;61;58.8;60.6;1101
2022-08-22;61;61;58.2;58.4;1145
2022-08-23;58.4;59;56.2;58.4;2719
2022-08-24;59;59.8;57.6;59.6;1142
2022-08-25;59.6;64;59.6;61;2107
2022-08-26;62.4;64;61;62.4;2003
2022-08-29;62.4;62.4;58.4;59.8;860
2022-08-30;59.8;61;57;58;2222
2022-08-31;59.4;59.4;55.2;56.8;2088
2022-09-01;57;57;55.2;57;555
2022-09-02;57;59;56.4;59;478
2022-09-05;58.4;58.8;56.2;58;247
2022-09-06;58.8;58.8;55;56.2;1051
2022-09-07;55;56.2;54.6;56.2;370
2022-09-08;56.2;57;55.2;56.8;405
2022-09-09;56.8;57.4;56.6;57.4;177
2022-09-12;57.4;57.8;54.8;57.6;1185
2022-09-13;57.6;57.6;56;56;510
2022-09-14;56;57.2;55;57.2;399
2022-09-15;57.2;58.2;55;57.4;1190
2022-09-16;57;57;55.8;55.8;355
2022-09-19;57;59;56.8;57.6;1962
2022-09-20;58;59;55.6;59;1192
2022-09-21;58.6;58.6;56.4;56.4;76
2022-09-22;56.2;58;55;58;1986
2022-09-23;58;58;55.6;57.8;290
2022-09-26;57.8;57.8;53;56.6;2550
2022-09-27;56.6;57.6;54.2;54.4;1659
2022-09-28;59;64.8;57;58.8;9211
2022-09-29;59.6;59.6;56.4;57.4;1607
2022-09-30;58.8;58.8;57;58;537
2022-10-03;59.6;59.6;57;58;406
2022-10-04;58;58;56;58;616
2022-10-05;58.4;58.6;57.2;57.2;349
2022-10-06;57.2;58.2;55.8;57;977
2022-10-07;55.8;57;55.6;57;186
2022-10-10;58;58.2;55.8;56.2;386
2022-10-11;57;58;55.4;57;984
2022-10-12;58;62.8;56.2;62.2;3435
2022-10-13;62.2;64.4;60.6;62.2;5601
2022-10-14;62.2;62.6;59.8;60.4;651
2022-10-17;62.2;62.8;59;60.8;1773
2022-10-18;61.2;62.4;59.4;61.8;812
2022-10-19;61.8;62.6;60.2;61;584
2022-10-20;62.6;62.6;60.6;62.2;676
2022-10-21;62.6;62.6;60;60;267
2022-10-24;60.6;63;60;60;2386
2022-10-25;60;61.4;59.6;59.8;585
2022-10-26;59.8;62.2;57;59;5561
2022-10-27;58.8;59.6;58.8;59.6;59
2022-10-28;59.4;59.4;59.4;59.4;99
2022-10-31;59.4;61;59.2;60;1056
2022-11-02;60.8;60.8;59;60.2;2671
2022-11-03;60.2;60.6;59.2;60.4;1041
2022-11-04;60.4;61.4;59.4;60.4;384
2022-11-07;60.4;63;59;60.6;1224
2022-11-08;62.4;63;60.8;62;2721
2022-11-09;62.6;63.4;62;62.8;1263
2022-11-10;62.6;62.8;60.6;62;775
2022-11-14;62;63;61.4;62.4;1811
2022-11-15;62.4;62.4;60;62.2;768
2022-11-16;61.2;63.4;60.2;61;5999
2022-11-17;62.8;62.8;61.2;61.2;373
2022-11-18;61.2;63.6;61;63.6;2029
2022-11-21;63.6;74.8;62.6;71.8;14106
2022-11-22;72.8;72.8;69;69.8;3338
2022-11-23;71.6;72.4;69;69;3369
2022-11-24;69;70.6;68;70;3174
2022-11-25;70;70.2;68.6;69.8;436
2022-11-28;70;70.4;66.8;70.4;1000
2022-11-29;70.4;70.4;69;70.4;388
2022-11-30;70.4;70.6;69.2;70.4;616
2022-12-01;71;75;71;75;4994
2022-12-02;76.4;76.4;73.8;76;3295
2022-12-05;78;80;75.8;78.4;8766
2022-12-06;78;79.6;73.8;75;2498
2022-12-07;75;76;74.2;76;708
2022-12-08;76;76;72.4;74;4031
2022-12-09;74.8;74.8;71.8;74;2035
2022-12-12;73;76;73;75;1880
2022-12-13;75;75;72.8;74.4;462
2022-12-14;75;78.2;75;75;6973
2022-12-15;73.6;78.6;73.6;74.2;7922
2022-12-16;75.2;81.2;75;81.2;4562
2022-12-19;82;83.8;76.4;80;6566
2022-12-20;79;81.6;76.6;81.6;3157
2022-12-21;81.6;83.8;79.6;79.6;3204
2022-12-22;83.8;85.2;81.4;82.2;9132
2022-12-23;82.2;86.4;81.8;86.4;5816
2022-12-27;89;107.5;89;101.5;29655
2022-12-28;99.4;100.5;95.4;97.2;7545
2022-12-29;96.6;98.2;91.4;92.6;9364
2022-12-30;92.2;94.6;92;92.4;4356
2023-01-02;93.8;99.4;93.8;97.2;4426
2023-01-03;97.2;103;94.6;98.8;5227
2023-01-04;98;112;95.6;112;23407
2023-01-05;109;110.5;105;109;7170
2023-01-09;109;113;106.5;108.5;2775
2023-01-10;108.5;110;103;103;6830
2023-01-11;104.5;104.5;100;100.5;6927
2023-01-12;100;103;100;102;1920
2023-01-13;102.5;116;102.5;116;18742
2023-01-16;116;124;113;117.5;15815
2023-01-17;117;120;113;115.5;4240
2023-01-18;114;120;113;118.5;7296
2023-01-19;119.5;123.5;114;115.5;15279
2023-01-20;117.5;117.5;109.5;111;6097
2023-01-23;113;117;107;109;6550
2023-01-24;110.5;111.5;106.5;107;2413
2023-01-25;107;107;104.5;105.5;2826
2023-01-26;105.5;105.5;102.5;104;4375
2023-01-27;104;105;102;105;3530
2023-01-30;105;105;100.5;101.5;3799
2023-01-31;101;105;101;104;951
2023-02-01;104.5;104.5;102.5;104.5;1051
2023-02-02;105;105;101.5;104;3216
2023-02-03;104.5;105;102.5;103;2012
2023-02-06;103;106;101.5;103;8309
2023-02-07;103;103;96.4;101.5;8445
2023-02-08;101.5;104.5;99.4;102.5;4028
2023-02-09;102.5;104.5;102;103.5;815
2023-02-10;103.5;103.5;99.2;101.5;2404
2023-02-13;102.5;103;99.4;102;522
2023-02-14;102;103;99;102;1872
2023-02-15;104;104.5;101.5;103;1865
2023-02-16;103;104;100.5;102.5;1009
2023-02-17;102.5;103.5;100;103;463
2023-02-20;103;103;100;103;235
2023-02-21;103;104;102.5;103.5;822
2023-02-22;103.5;103.5;99.6;99.6;1798
2023-02-23;99.6;102;99.6;101;456
2023-02-24;101;101.5;100.5;101.5;171
2023-02-27;102;102;98;98.8;1003
2023-02-28;101;101;92.2;95;5333
2023-03-01;93.2;96;92;93;6753
2023-03-02;93;97.6;92.4;95.6;877
2023-03-03;96.8;97.4;95.4;96.8;384
2023-03-06;98.8;98.8;95.8;95.8;1062
2023-03-07;95.8;96.8;93.2;93.6;1489
2023-03-08;93.6;97.8;93.2;94.8;2582
2023-03-09;96.6;105;93.2;103;11928
2023-03-10;100.5;105;98.6;104;9081
2023-03-13;104.5;104.5;96;98.6;3638
2023-03-14;100;101.5;95.2;97.4;2467
2023-03-15;97;98.8;94;94;2533
2023-03-16;94;96;93.4;94;1385
2023-03-17;96;110;95.6;106.5;26886
2023-03-20;107;109.5;103;106;6339
2023-03-21;106.5;118.5;105;117;6873
2023-03-22;118;122.5;115;117;7297
2023-03-23;117;125.5;117;121.5;6783
2023-03-24;120;120;110.5;115;5466
2023-03-27;114;114;108.5;110;1958
2023-03-28;110;110;106;109;3165
2023-03-29;108;114;106;106.5;2149
2023-03-30;113;120;110.5;120;4436
2023-03-31;120;132;117;130;16051
2023-04-03;130;132.5;121.5;130;7725
2023-04-04;130;138;130;135;6209
2023-04-05;136;138;133;136.5;2365
2023-04-06;138;145;136.5;140;5488
2023-04-11;140;148;139;144.5;2439
2023-04-12;143;147;136.5;140;3497
2023-04-13;139;139;134;134;2166
2023-04-14;136;137.5;133;137;616
2023-04-17;137;144;135;138.5;1572
2023-04-18;138;141.5;126;127;6351
2023-04-19;129;131;125;130;3120
2023-04-20;131.5;136.5;130.5;135;3915
2023-04-21;135.5;137;128.5;135.5;3170
2023-04-24;135.5;137;132;135;949
2023-04-25;135.5;135.5;130;135;4172
2023-04-26;133.5;134;129;133;2294
2023-04-27;133.5;136;130.5;131.5;3014
2023-04-28;133;133;129;131;1117
2023-05-02;130;137;130;137;1697
2023-05-04;137;140;137;137;2606
2023-05-05;137;138.5;137;138;2729
2023-05-08;138;139.5;137;138;2571
2023-05-09;137;147;137;140;5952
2023-05-10;142.5;144.5;140;140;1750
2023-05-11;143;143;139;139;1272
2023-05-12;139;142.5;128.5;141;5760
2023-05-15;126;128.5;116;128;26880
2023-05-16;128;132;122.5;132;3512
2023-05-17;132;132;123;123;2880
2023-05-18;121.5;121.5;119;121;1716
2023-05-19;120.5;120.5;113;115.5;4293
2023-05-22;114.5;115.5;109.5;111.5;8939
2023-05-23;112;116.5;112;115;932
2023-05-24;114;114;108.5;110;2884
2023-05-25;109.5;112;108.5;109;1152
2023-05-26;109;128;109;122;11369
2023-05-29;125;132;124.5;127;4707
2023-05-30;129.5;129.5;124;127;1911
2023-05-31;127;127;121.5;125;1511
2023-06-01;121;137;121;130;4752
2023-06-02;130;136;128;136;1757
2023-06-05;139;161;139;152.5;33972
2023-06-06;160;165;155.5;157;13830
2023-06-07;156.5;158.5;141.5;143.5;11317
2023-06-09;144;151;144;149;5583
2023-06-12;150;151.5;143.5;145;5350
2023-06-13;145;147.5;138;140;4764
2023-06-14;140;151;135;140;24891
2023-06-15;140;151;140;141;10252
2023-06-16;143;147.5;141;141;5668
2023-06-19;142.5;150;142.5;144.5;8412
2023-06-20;148.5;149;143.5;144;5240
2023-06-21;145.5;147;143;143;4361
2023-06-22;144;150;144;149;6139
2023-06-23;152;156.5;150;153;7835
2023-06-26;155;155;147.5;149;1739
2023-06-27;148.5;149;143.5;148;8070
2023-06-28;148;150;146;150;2823
2023-06-29;150;153;147;148.5;2353
2023-06-30;149;150;147.5;149.5;987
2023-07-03;149;149;145;148.5;3649
2023-07-04;148.5;149;145.5;147.5;3244
2023-07-05;147;147;144;146;1838
2023-07-06;144;146;143;145.5;1782
2023-07-07;146;147;144;146.5;2808
2023-07-10;145;146.5;144;146.5;2498
2023-07-11;154;173;148.5;163;22383
2023-07-12;163.5;166.5;160.5;164;4262
2023-07-13;165.5;166;160;166;3310
2023-07-14;175;195;168;185;23894
2023-07-17;184;192;181.5;182;4305
2023-07-18;183;185;179;183.5;2538
2023-07-19;183.5;197;181;192;9530
2023-07-20;188;189;179;186;4688
2023-07-21;186;189;181.5;187.5;1763
2023-07-24;185;188.5;175.5;178;7748
2023-07-25;178;181;172.5;180;3132
2023-07-26;180;180;172.5;173.5;932
2023-07-27;174;187;174;187;2710
2023-07-28;186;187;179;184;2249
2023-07-31;180;182;176;179;2734
2023-08-01;176;180;175;176;1267
2023-08-02;174;174;169.5;170;2309
2023-08-03;169;169.5;166;167;2956
2023-08-04;166;173.5;166;170.5;3285
2023-08-07;170.5;172;164.5;166.5;5293
2023-08-08;166.5;168.5;164.5;165;1066
2023-08-09;164.5;166.5;161.5;164.5;1510
2023-08-10;164.5;166.5;160.5;160.5;1268
2023-08-11;160.5;165;160.5;162;1518
2023-08-14;162;177.5;160;175.5;3183
2023-08-16;177;177;165.5;168.5;1651
2023-08-17;169;169;164;168;1583
2023-08-18;168;168;162;165;575
2023-08-21;162;169;161;169;1518
2023-08-22;168;173;165.5;172;1122
2023-08-23;173;173;165;169.5;875
2023-08-24;161;170;159;160;4240
2023-08-25;162;167.5;159;161;2369
2023-08-28;161;166.5;161;161;1242
2023-08-29;161;165;158;162;1353
2023-08-30;163;171;163;165;903
2023-08-31;172;175;170;174;2702
2023-09-01;170;175.5;167;175.5;4021
2023-09-04;175.5;178;171.5;178;2510
2023-09-05;170;178;170;171;1462
2023-09-06;174.5;174.5;166.5;174.5;2706
2023-09-07;174.5;175;168;175;2872
2023-09-08;174.5;174.5;171;171;855
2023-09-11;175;179.5;172;178.5;3998
2023-09-12;179;180;175.5;178.5;2492
2023-09-13;178.5;178.5;168;175;2553
2023-09-14;175;175;169;169;827
2023-09-15;170;175;170;175;1332
2023-09-18;171;177;171;175;765
2023-09-19;176;176.5;172;173.5;352
2023-09-20;173;173;169;169.5;509
2023-09-21;170;175;168.5;172;1944
2023-09-22;172;176;172;173.5;597
2023-09-25;175;175.5;168;173;1022
2023-09-26;172;176;171.5;174.5;2258
2023-09-27;174.5;174.5;167.5;169;1363
2023-09-28;170.5;172;166.5;169;1022
2023-09-29;169;172;166;172;1142
2023-10-02;174;183;169.5;178;4855
2023-10-03;178.5;178.5;173;176.5;1077
2023-10-04;173;174.5;172;174.5;444
2023-10-05;175;178.5;172;172.5;1996
2023-10-06;174;174;171.5;174;695
2023-10-09;174;175;172.5;174.5;508
2023-10-10;172.5;174.5;172.5;173.5;358
2023-10-11;173.5;174;170.5;171;1731
2023-10-12;171;172;167;171.5;1801
2023-10-13;171.5;171.5;168;170;601
2023-10-16;169.5;170;163.5;167;2131
2023-10-17;167;170;163.5;170;799
2023-10-18;170;170;165.5;167;840
2023-10-19;168;172;167.5;168.5;1027
2023-10-20;171.5;171.5;166.5;166.5;716
2023-10-23;167;172;163;165.5;2581
2023-10-24;165.5;165.5;162.5;162.5;1812
2023-10-25;166;166;147;151;13827
2023-10-26;150;152;146.5;150;3740
2023-10-27;149.5;150;147;150;1811
2023-10-30;151.5;151.5;145;148;1377
2023-10-31;148;150;144.5;149;2065
2023-11-02;149;150;146;148;354
2023-11-03;148.5;150;146;149.5;962
2023-11-06;148.5;154;148.5;152;886
2023-11-07;152;155;148;149;1171
2023-11-08;149;149.5;145;147;1186
2023-11-09;147;149;142.5;144;931
2023-11-10;147;147;143;144.5;947
2023-11-13;144.5;145.5;136;139;4297
2023-11-14;139;143.5;136;143.5;2364
2023-11-15;144;144.5;138;139.5;1612
2023-11-16;138.5;140;137;138;2207
2023-11-17;139;145;139;144;2155
2023-11-20;144;149.5;140;148;2874
2023-11-21;147;154.5;147;154.5;4002
2023-11-22;153.5;154;147;150.5;3086
2023-11-23;150;150;145.5;150;2303
2023-11-24;149.5;156.5;147;154.5;2819
2023-11-27;157;158.5;151.5;157;3998
2023-11-28;157.5;168;154;167.5;2837
2023-11-29;167;167;160;165;3064
2023-11-30;165;165;159.5;163.5;192
2023-12-01;160.5;165;156;161;1992
2023-12-04;162;162;153.5;160;2801
2023-12-05;160;160;155;159;413
2023-12-06;159;163.5;155;163;2705
2023-12-07;160;166.5;158;165;2630
2023-12-08;165;171;161.5;168.5;2568
2023-12-11;168.5;168.5;162;167.5;2548
2023-12-12;167.5;168.5;163.5;166.5;2218
2023-12-13;166.5;174;165.5;167;4012
2023-12-14;169.5;170.5;166;167.5;1578
2023-12-15;168;168;163;165;3164
2023-12-18;167;172;156.5;158;2798
2023-12-19;160.5;165;158;162;912
2023-12-20;158.5;163;155;158.5;3227
2023-12-21;161;167;159;161;1597
2023-12-22;164;165;159;161.5;2135
2023-12-27;167;168.5;160.5;165;2574
2023-12-28;168;168;162;165.5;2827
2023-12-29;163;167;159.5;163;2994
2024-01-02;163;165.5;158.5;163.5;1038
2024-01-03;163.5;163.5;155.5;159;693
2024-01-04;159.5;160;157;160;536
2024-01-05;159.5;159.5;152;154;2042
2024-01-08;151;156;151;154;789
2024-01-09;153.5;158.5;151;154.5;819
2024-01-10;153.5;154.5;150;150.5;571
2024-01-11;150;154;150;153;1624
2024-01-12;153;154;150;153.5;1539
2024-01-15;155;161;148;148;3049
2024-01-16;148;150;146;146;2317
2024-01-17;151.5;151.5;142;143;1654
2024-01-18;148.5;148.5;140;143;1722
2024-01-19;143;145.5;140;144.5;2312
2024-01-22;145;152;144;144;2554
2024-01-23;144.5;152;142.5;145.5;3629
2024-01-24;146;147;143;143;952
2024-01-25;146;146;138.5;142;3215
2024-01-26;139.5;141.5;138.5;141;672
2024-01-29;142;142;136;137.5;1609
2024-01-30;137;140;136;137.5;2362
2024-01-31;139.5;140.5;133.5;134.5;1988
2024-02-01;133.5;136.5;133;134;1224
2024-02-02;133.5;138;128.5;138;3556
2024-02-05;139;142;138;140;2513
2024-02-06;144.5;144.5;135;135;1118
2024-02-07;135;136.5;132.5;132.5;2241
2024-02-08;133;135;129;131.5;1884
2024-02-09;131.5;133;128;128;1129
2024-02-12;128;132;124.5;128;2526
2024-02-13;128;133;128;132;1433
2024-02-14;132;133;128;131.5;1660
2024-02-15;133.5;134;131;134;1336
2024-02-16;134.5;135;131;134;1263
2024-02-19;134;139;133;135;1617
2024-02-20;135;137.5;132;137;880
2024-02-21;137;137.5;130.5;130.5;1457
2024-02-22;131;131;120;126.5;6558
2024-02-23;126.5;126.5;121.5;124;2565
2024-02-26;125.5;127;122.5;126;1800
2024-02-27;126;137.5;126;133;6685
2024-02-28;135.5;135.5;130.5;130.5;3535
2024-02-29;132.5;133;130;132.5;1537
2024-03-01;134;135;127.5;130;714
2024-03-04;130;133;128;133;1709
2024-03-05;130;132.5;129;132.5;1363
2024-03-06;133.5;133.5;128;133;860
2024-03-07;133;133;127.5;131;1096
2024-03-08;130.5;130.5;126;127.5;1075
2024-03-11;127.5;132.5;125;131.5;2272
2024-03-12;131.5;131.5;126;128.5;1757
2024-03-13;128.5;130;126;130;1048
2024-03-14;130;130;125;125;775
2024-03-15;127.5;127.5;111;119.5;9269
2024-03-18;119.5;121;116.5;116.5;2505
2024-03-19;117;126;111;124.5;3782
2024-03-20;123;123.5;119;121.5;669
2024-03-21;121.5;122;119;121.5;939
2024-03-22;121.5;129.5;118;129.5;3072
2024-03-25;129.5;133;127;132;3528
2024-03-26;132;133;128;132;2380
2024-03-27;135;136;130;134;2767
2024-03-28;135;135;130.5;133;2128
2024-04-02;135;139;135;137.2;2185
2024-04-03;137.4;140;135.2;140;4870
2024-04-04;139.8;140.2;138;140.2;2588
2024-04-05;139.8;139.8;134;138.2;3181
2024-04-08;138.4;139;137.2;138.8;2723
2024-04-09;140.2;141;136.2;138;2392
2024-04-10;140.6;143;137.4;142.2;2289
2024-04-11;143.8;143.8;140;141.8;1258
2024-04-12;142;144.8;141;141.6;3367
2024-04-15;143;143;138.2;140;1678
2024-04-16;141.6;141.6;139;141;1174
2024-04-17;141.8;141.8;136;140.8;4788
2024-04-18;140.8;140.8;137.4;140;1794
2024-04-19;139.8;139.8;132.8;138.4;2779
2024-04-22;135.6;138.8;135.6;137.8;1818
2024-04-23;138;138;135;137.6;1755
2024-04-24;138;144.8;135.4;142.4;6278
2024-04-25;143;144;138;138;1814
2024-04-26;141.8;144;136.2;144;4332
2024-04-29;143;143;141;141;651
2024-04-30;142;142;137.2;139;820
2024-05-02;138;142.8;137.4;140;587
2024-05-06;140.6;147;140.6;141.4;4739
2024-05-07;142;144;137;137.2;2427
2024-05-08;139;139.2;130.4;131.6;1575
2024-05-09;133;135.6;133;134.4;5726
2024-05-10;135;135.6;130.4;132.6;1921
2024-05-13;130.6;136;130.6;135.8;1777
2024-05-14;135.8;135.8;130.4;131.8;1399
2024-05-15;131.8;134.8;129.2;129.2;4467
2024-05-16;127;129.6;125.4;129.6;1239
2024-05-17;129;130.6;127;130.6;2499
2024-05-20;130.6;130.6;129;129.4;749
2024-05-21;130;130;128;130;814
2024-05-22;130;136.4;127.8;133.2;1347
2024-05-23;133;136.6;133;135;1328
2024-05-24;136;136.4;130.8;134;572
2024-05-27;133.8;133.8;130.2;131.8;691
2024-05-28;131.6;131.8;129;129.8;1069
2024-05-29;128.2;129.8;125;126.2;1679
2024-05-31;126.2;127.8;125.2;126.2;1864
2024-06-03;128;131.6;127;130.4;1470
2024-06-04;130.6;131.2;128.4;129.2;564
2024-06-05;129.2;134;129.2;133.4;831
2024-06-06;133.4;133.4;127;127.2;642
2024-06-07;130;130;127.4;129.6;144
2024-06-10;129.8;135.8;129.8;134.8;1542
2024-06-11;130.6;131;128.2;130.4;494
2024-06-12;130.4;130.4;126;127.4;986
2024-06-13;128;132.6;125;128.4;1357
2024-06-14;125.4;128;122.6;128;1382
2024-06-17;128;128;121;122;658
2024-06-18;124.8;124.8;116.6;124.6;2228
2024-06-19;123.2;125.8;123;124;559
2024-06-20;125.6;125.6;123.8;124;1392
2024-06-21;125.6;125.6;123.2;125;1433
2024-06-24;123.2;128.8;122;126;2058
2024-06-25;128;130;125.4;125.4;313
2024-06-26;128;129.8;126;129.6;951
2024-06-27;127;129.4;127;127;223
2024-06-28;129;129.4;125.4;125.4;694
2024-07-01;125.4;127.4;121.4;126.2;1139
2024-07-02;123;127.2;123;126.4;428
2024-07-03;126.2;126.2;118.8;122.4;1191
2024-07-04;122.4;123.6;118;122.8;1494
2024-07-05;123;123;115.4;120.8;1992
2024-07-08;119.8;120.8;117;118;3316
2024-07-09;119.2;124.6;117.6;123.4;3877
2024-07-10;123.4;123.4;117.4;118.4;2850
2024-07-11;119.6;119.8;118.6;119.4;146
2024-07-12;119.6;119.6;116.8;118.4;1951
2024-07-15;118.6;119.8;116.8;119;952
2024-07-16;119;119;116.4;118;460
2024-07-17;117.4;119.8;113.8;117.6;1849
2024-07-18;118.4;119.8;114.2;118.8;1111
2024-07-19;118.6;119.6;115.4;119.6;317
2024-07-22;119;119.8;115.4;117.8;787
2024-07-23;118.6;119.8;117.6;117.6;1281
2024-07-24;117.2;117.4;113;114.2;2724
2024-07-25;114;114;108.4;109.8;3020
2024-07-26;110;112.6;100.2;103;8738
2024-07-29;103;104.6;99.9;104.6;4448
2024-07-30;104.6;106;102;102;892
2024-07-31;105;105;102.2;103.8;385
2024-08-01;104.6;104.6;102.8;103.8;214
2024-08-02;102.8;102.8;95;97;4294
2024-08-05;93.2;94.8;84.9;94.2;9056
2024-08-06;93.8;95;90.1;94;1942
2024-08-07;94;98.7;94;98.7;1867
2024-08-08;98.7;101.4;97;99;1151
2024-08-09;100;101;99.2;99.2;1491
2024-08-12;100.4;103;100;102.8;1109
2024-08-13;102.8;102.8;99.6;99.6;1183
2024-08-14;99.6;102;99.6;101.4;459
2024-08-16;100.6;101;99.6;100.2;1027
2024-08-19;100.6;100.6;98.6;100;1594
2024-08-20;100;100.8;98.7;100.6;661
2024-08-21;100.6;100.6;98.3;100.2;853
2024-08-22;100.2;100.2;98.3;100;665
2024-08-23;100;100.6;97.2;100;363
2024-08-26;98.7;100;97.7;99.9;263
2024-08-27;99.9;100;97.9;99.9;995
2024-08-28;100;100;98.4;98.4;164
2024-08-29;98.4;100.6;97.2;98;1116
2024-08-30;100.4;105.8;98;105;1720
2024-09-02;105;105.6;103;104.2;406
2024-09-03;104;106.8;104;104;1366
2024-09-04;104;104;101.6;104;598
2024-09-05;104.8;104.8;102;104;606
2024-09-06;104;104;101.4;103.8;213
2024-09-09;104;104;101.4;103.6;233
2024-09-10;103.8;104.2;101.6;103.8;208
2024-09-11;103.8;103.8;101;102.6;195
2024-09-12;102.4;102.4;98.3;100.4;993
2024-09-13;101;101;98.3;99;308
2024-09-16;99;100;98;99.9;277
2024-09-17;99.9;100.6;99;100;653
2024-09-18;99;100;98;99.9;693
2024-09-19;99.8;99.8;98;99.7;371
2024-09-20;97.1;98.9;92.5;94.8;1882
2024-09-23;94.8;96.7;92.8;96.5;549
2024-09-24;96.5;96.9;93;94.2;850
2024-09-25;94.4;94.4;86.4;87;4783
2024-09-26;86.3;86.4;79.5;86.4;16968
2024-09-27;87.9;96.6;87;96.6;4988
2024-09-30;96.6;96.6;89.2;94.9;5909
2024-10-01;94.4;96.7;90.3;96.7;7451
2024-10-02;96.6;106.2;93;104;3839
2024-10-03;104;114.4;102;114;3908
2024-10-04;114;120.2;110.8;120.2;6413
2024-10-07;120.2;126;117;126;7573
2024-10-08;125.8;126;120.6;125.6;4039
2024-10-09;126;126.2;121.6;125.8;3272
2024-10-10;125.8;125.8;121.2;121.2;1740
2024-10-11;123.6;125.2;114;125;2364
2024-10-14;125;129;124;125.8;2213
2024-10-15;126;126;123.6;125;354
2024-10-16;125;125;116;119;1332
2024-10-17;119;119;111;111.2;1620
2024-10-18;107.4;107.4;99.4;100;3300
2024-10-21;103.6;103.6;98;100;1499
2024-10-22;100.4;104.6;98.2;104.4;768
2024-10-23;104.4;104.4;98;101.4;940
2024-10-24;101.6;102;100;102;81
2024-10-25;102;103.8;100.4;102;478
2024-10-28;101.8;105.6;101.8;101.8;639
2024-10-29;105;105;103;103;190
2024-10-30;103;105;103;104.6;71
2024-10-31;104.6;104.6;101.2;104.4;162
2024-11-04;104.4;104.4;101.2;103.6;1041
2024-11-05;103.8;104.4;101.2;103.8;190
2024-11-06;103.4;105.2;103.4;105;280
2024-11-07;105;106.6;103.6;104;727
2024-11-08;102.2;105;101.4;104;784
2024-11-12;104;104;102;102;385
2024-11-13;103.6;104;101.6;103.4;454
2024-11-14;103.6;103.6;101;101.2;424
2024-11-15;101.2;103.4;100.4;101.6;477
2024-11-18;100.8;101.6;98.7;99.4;348
2024-11-19;98.9;99.3;93.2;99;1662
2024-11-20;99;101.4;99;99.5;962
2024-11-21;101;101;98.5;100.6;1104
2024-11-22;101;101;98.6;98.6;1128
2024-11-25;98.9;101.4;98.4;101.4;1584
2024-11-26;101.4;103.2;100;103.2;1187
2024-11-27;103.4;103.4;98;98;1773
2024-11-28;99.8;101;97.6;98.6;894
2024-11-29;99.9;100;98.2;99.5;824
2024-12-02;99.9;100;98.2;99.9;776
2024-12-03;98.2;99.4;98;99.3;1207
2024-12-04;99.3;99.4;97;99;1827
2024-12-05;99.5;99.5;97.8;99;873
2024-12-06;97.7;100;97;100;1892
2024-12-09;99.9;100.4;98.6;99.9;966
2024-12-10;100;100;98.5;99.4;973
2024-12-11;99.8;99.8;98.1;99.8;1224
2024-12-12;99;99;98;98.8;586
2024-12-13;98.8;99.3;97.3;99;645
2024-12-16;97;98;95.5;97;760
2024-12-17;97.6;97.6;95;96.8;4899
2024-12-18;96;97;94.3;96;767
2024-12-19;95;96;94.5;96;627
2024-12-20;96;96;88.8;94.1;3192
2024-12-23;93.1;95.6;92;94.9;2650
2024-12-27;95.8;97.4;95;97.3;1941
2024-12-30;97.3;99;96.4;99;2255
2025-01-02;99.4;102.6;99.4;101;819
2025-01-03;110;131.6;110;125.2;32645
2025-01-07;127;138;119;137;13521
2025-01-08;136.6;136.6;131.4;132.2;7135
2025-01-09;131.4;132.2;122;125.6;6883
2025-01-10;119.8;119.8;113;117.4;19437
2025-01-13;116.8;116.8;113;115.6;4775
2025-01-14;115.2;122.4;115.2;121.8;4546
2025-01-15;121.8;123.6;121;121.8;2291
2025-01-16;123.8;123.8;118;120.6;2533
2025-01-17;120.6;122.8;115.6;116.8;2895
2025-01-20;119.8;120.6;117.8;119.6;2690
2025-01-21;119.6;120.4;117.4;119;1058
2025-01-22;119;120.2;110;114.2;5768
2025-01-23;116;118;112.8;117.8;1288
2025-01-24;117.8;122;116.4;118;3315
2025-01-27;117.2;118;112.8;116.6;1024
2025-01-28;117;117;115.6;116.8;494
2025-01-29;117.8;117.8;116;116;389
2025-01-30;118;118.4;115.8;117.2;1266
2025-01-31;117.8;118.8;116.6;118.2;2075
2025-02-03;118.2;121.6;112;118.8;3214
2025-02-04;119;121;115.4;116.6;1799
2025-02-05;117.4;117.4;115;115;848
2025-02-06;115;118;114.2;116.4;1696
2025-02-07;116.2;116.2;114;115;1541
2025-02-10;115;115;113.4;114.6;1651
2025-02-11;114.8;114.8;113.6;113.8;1005
2025-02-12;113.8;115.2;112;112.6;1748
2025-02-13;114;115.8;113;113.2;1101
2025-02-14;113.2;114.8;113.2;114;2133
2025-02-17;113.2;115;113;113;1386
2025-02-18;120;120;113;113;4049
2025-02-19;113;115.4;113;113.8;1953
2025-02-20;113.8;113.8;112;113;1191
2025-02-21;113;113;111.2;112.8;1495
2025-02-24;113;113;110.6;111.8;1211
2025-02-25;111.8;112.6;107;109.4;2958
2025-02-26;109.6;110.6;104.2;110.4;3148
2025-02-27;111;111;109;109;801
2025-02-28;111.6;111.6;108.6;111.4;709
2025-03-03;111.2;111.4;108.6;111;873
2025-03-04;110;111;106;106;2467
2025-03-05;109.6;110.4;108.8;108.8;430
2025-03-06;110.2;110.6;108.6;110;1018
2025-03-07;110;110;106.4;109;1360
2025-03-10;106.2;109;103.6;107;1282
2025-03-11;107;108.2;104.8;106.6;700
2025-03-12;107.4;107.4;105.2;106.4;362
2025-03-13;106.4;109.6;105.8;107.4;1122
2025-03-14;109.2;109.2;106.8;106.8;905
2025-03-17;107.8;107.8;105.8;106.6;589
2025-03-18;105.8;107;105.8;106.6;1348
2025-03-19;106.8;106.8;105;106.4;920
2025-03-20;107.4;107.4;105.4;106.8;533
2025-03-21;107.2;107.2;103.2;107;2314
2025-03-24;107;107.2;104;106.6;1200
2025-03-25;106.6;106.6;104;105.4;1010
2025-03-26;105.6;108.8;105;108.8;2385
2025-03-27;108.8;112.4;107;111.6;1897
2025-03-28;117;122;112.8;114.8;5494
2025-03-31;117;117;110.4;110.4;1733
2025-04-01;110.6;113;106.2;109.4;1685
2025-04-02;109.6;111.8;106.6;107.2;2981
2025-04-03;107.2;108.8;104;106;2412
2025-04-04;106;106.4;102.4;103.8;1664
2025-04-07;100;100;92.4;99.3;7664
2025-04-08;100;106.8;100;106.6;10305
2025-04-09;105.8;105.8;102;105.2;1989
2025-04-10;108;111;105.2;105.4;3734
2025-04-11;106;107.2;105;106.8;160
2025-04-14;106.8;107;104;105.8;1476
2025-04-15;106;107.6;103.6;106.8;1335
2025-04-16;106.6;108.2;105;107.6;2622
2025-04-17;106.2;107.2;104;107;1742
2025-04-22;105.8;106;102.4;102.6;1161
2025-04-23;103;104;98.6;99.9;3898
2025-04-24;100.8;101;97.8;101;1894
2025-04-25;99.9;101;98.8;101;4003
2025-04-28;102.6;105;100.8;103.4;2932
2025-04-29;103;106;102.8;104.8;2253
2025-04-30;104.8;107;100.6;102.8;10990
2025-05-02;102.4;104.4;102;104.2;774
2025-05-05;103.8;104.2;102;102.8;758
2025-05-06;103;103.2;101;102;467
2025-05-07;102;102;99.5;101.4;1575
2025-05-08;98.6;106;97.7;100;4299
2025-05-09;101.6;101.6;100;101.4;652
2025-05-12;100.2;104.6;100.2;103.6;1780
2025-05-13;104.4;104.4;100.4;103.2;827
2025-05-14;101.8;104;101.4;104;752
2025-05-15;104;104;101;103.8;814
2025-05-16;102.6;102.6;100.2;101.6;647
2025-05-19;101.2;101.2;100.4;101.2;256
2025-05-20;101.4;101.4;98;100.4;2212
2025-05-21;99.7;99.8;97.7;97.7;1135
2025-05-22;97.3;99.7;95;95.2;1655
2025-05-23;95.3;96.8;92.4;94.8;3693
2025-05-26;92;94.8;91.9;93.7;1206
2025-05-27;93;93;91.2;92.7;2115
2025-05-28;92;92;90;91;3050
2025-05-29;90.3;90.3;85;87.6;6822
2025-05-30;88.1;90;87.6;89.3;1605
2025-06-02;88.9;89.3;86;86.1;2324
2025-06-03;86.1;87;85.4;85.8;2065
2025-06-04;85.8;87;85.4;87;2033
2025-06-05;87;87.4;83.2;84.9;2731
2025-06-06;84.9;84.9;82.8;83.4;1769
2025-06-09;84.8;87.7;81;84.2;3405
2025-06-10;84.2;88.5;84.2;88.5;1592
2025-06-11;88.5;91;88;90.5;2245
2025-06-12;91.3;91.3;88;89.5;880
2025-06-13;89.4;89.4;85;87.5;1374
2025-06-16;87.5;89.6;87.5;88.7;2842
2025-06-17;88.7;89.6;86.8;88.6;790
2025-06-18;88.6;88.6;85;86.7;1155
2025-06-20;87;88.9;87;87;459
2025-06-23;87;88;81.4;83.3;2912
2025-06-24;84.6;84.8;82.2;84.1;2474
2025-06-25;84.1;93;83;85;7852
2025-06-26;86.3;89;84.1;85.3;3043
2025-06-27;85;85.2;83;83.8;2533
2025-06-30;83.8;83.8;81.1;83.1;1543
2025-07-01;82.7;82.7;81.2;81.6;643
2025-07-02;81.6;82;80.7;81.7;834
2025-07-03;81.8;82;80;81.4;1517
2025-07-04;81.4;81.5;79;79.1;2596
2025-07-07;79.1;80;78.1;78.4;1033
2025-07-08;78.3;78.4;75.1;76;3057
2025-07-09;77.1;77.7;74.8;74.8;2095
2025-07-10;74.7;76.5;74.2;76.2;1372
2025-07-11;75;81.3;75;78;2097
2025-07-14;79.7;81.2;75;75.1;1618
2025-07-15;75.1;77;75;76;493
2025-07-16;76;78;75.8;77.9;471
2025-07-17;77.8;81.1;77.5;80.6;898
2025-07-18;81;81;75.1;78.7;7940
2025-07-21;77.3;79;76.1;79;3653
2025-07-22;79;86.6;75.5;81.3;6326
2025-07-23;82.8;85.8;79.4;84.4;6681
2025-07-24;85.6;86.5;84;84.5;1024
2025-07-25;84.7;85.6;82.5;84.8;583
2025-07-28;84.5;84.5;82.5;83.9;433
2025-07-29;83.9;89;81;83.9;4183
2025-07-30;83.8;84.6;82;84;334
2025-07-31;84;84.7;82.6;82.9;235
2025-08-01;82.9;85.8;79.5;82.4;5069
2025-08-04;82.4;83.2;80;80.9;1485
2025-08-05;81.2;81.7;79.8;80.5;504
2025-08-06;81.3;82.9;79.9;80.3;2258
2025-08-07;81;81.4;80.1;81.4;228
2025-08-08;81.4;81.4;79.6;79.6;2241
2025-08-11;82;90;79;79;10250
2025-08-12;79;82;79;80.8;480
2025-08-13;85.9;86;80.6;82;4619
2025-08-14;82.6;83.1;81.2;81.5;1523
2025-08-18;82.8;84.4;81.5;83.5;1230
2025-08-19;82.1;84.4;82.1;83.1;423
2025-08-20;84.9;86;83.3;86;1036
2025-08-21;86;88;85;87;1724
2025-08-22;87;87.6;85.1;87.4;907
2025-08-25;87.6;87.6;85.2;87.5;413
2025-08-26;87.6;88;85.1;85.1;1788
2025-08-27;85.1;88.7;83.6;88.1;1609
2025-08-28;87.8;88;81.2;81.6;5464
2025-08-29;81.6;82.5;79.5;80.7;1437
2025-09-01;81.5;82.4;79.5;81.4;551
2025-09-02;81.4;81.4;79.2;80.8;351
2025-09-03;80.8;82.3;80.1;81.9;361
2025-09-04;81.7;81.8;76.2;78.3;3096
2025-09-05;80.2;80.9;78.2;80.4;490
2025-09-08;80.4;81;79.1;80.8;433
2025-09-09;79.8;81.2;79.2;81.1;911
2025-09-10;80.9;80.9;78;79.8;857
2025-09-11;79.8;81.7;79.1;81.5;1179
2025-09-12;81;82;80.2;82;1167
2025-09-15;82;83;81.2;82.8;1328
2025-09-16;82.8;82.9;81.3;82.8;241
2025-09-17;81.6;83;81;82.7;1064
2025-09-18;82.7;83.4;80.8;83.4;451
2025-09-19;83.2;85.8;81.2;85.8;1245
2025-09-22;83;87.6;83;85;1143
2025-09-23;85.1;87;84.1;85;629
2025-09-24;86.1;86.1;82.8;84.1;325
2025-09-25;84;84.8;83.7;84.4;466
2025-09-26;81.9;83.5;76.6;80.2;6667
2025-09-29;80;80;73.4;74;10603
2025-09-30;73;73;67.8;68.7;8298
2025-10-01;71;74;69.5;71;6062
2025-10-02;71.1;74;71.1;73.2;2559
2025-10-03;73;73;70;70.2;3572
2025-10-06;70;70.8;69.6;70.6;1533
2025-10-07;70.5;71;70;70.5;300
2025-10-08;71;72.6;70.2;71.8;1274
2025-10-09;70.2;71;69.9;70.8;609
2025-10-10;70;73.1;70;71.5;3544
2025-10-13;71.2;71.3;70;70.7;857
2025-10-14;70.6;71.3;69.7;69.8;1044
2025-10-15;70.2;70.2;68.5;68.5;1170
2025-10-16;68.1;70.2;66.5;67;9910
2025-10-17;68;68.5;66.5;66.7;3133
2025-10-20;67;70.9;66.8;70;3129
2025-10-21;70.4;70.8;69.1;70.6;3291
2025-10-22;69.3;74;69.3;73.8;4131
2025-10-23;73.9;73.9;71.6;72.7;1021
2025-10-24;72.8;73.6;71.6;73.6;946
2025-10-27;73.8;74.2;73;74;1388
2025-10-28;74;74.5;72.7;73.5;1631
2025-10-29;74.4;74.4;71.4;73.9;433
2025-10-30;73.7;74.5;72;72;1403
2025-10-31;73;73.2;71.7;73;2049
2025-11-03;72;73.2;71.9;72.9;1125
2025-11-04;72.8;72.8;71.4;72.4;1665
2025-11-05;71.5;71.7;70.6;71.5;1120
2025-11-06;71.5;72.6;71;72;1317
2025-11-07;72;72.3;67;70.1;3574
2025-11-10;70.3;70.4;69.1;70.3;779
2025-11-12;71;72.4;69.9;70.2;1595
2025-11-13;71.5;71.5;68.9;69.9;2135
2025-11-14;69;70.8;67.7;70.3;1965
2025-11-17;70.4;70.8;68.8;70.8;772
2025-11-18;69.2;71.3;69.1;70.6;2545
2025-11-19;71;72.1;69.6;70.9;1473
2025-11-20;71.5;71.5;69.1;71;2018
2025-11-21;69.6;70;68.7;69.3;1339
2025-11-24;70.2;70.2;68.7;70;610
2025-11-25;69.5;72.2;69.3;72;3585
2025-11-26;72.5;73.2;71.1;73;3649
2025-11-27;73.3;74.6;72.6;74;1596
2025-11-28;73.9;74.7;73;73.3;816
2025-12-01;73.8;79.5;73.8;78.5;8261
2025-12-02;78.8;82;78.5;79.9;4980
2025-12-03;80.9;82;80;81.5;2196
2025-12-04;81.6;81.9;77.8;78.8;2630
2025-12-05;79.1;81.8;79.1;81.2;2516
2025-12-08;81.2;81.7;79.5;79.9;1489
2025-12-09;79.9;80.8;79;79.3;817
2025-12-10;79.3;79.8;78.1;79.4;690
2025-12-11;78.4;80.3;78.4;80.2;284
2025-12-12;79;81;78.3;80;1579
2025-12-15;80;80;76.1;77.6;2916
2025-12-16;77.7;78;76;76.2;1950
2025-12-17;76.3;77.4;76;76.6;1023
2025-12-18;76.6;76.6;73.1;74.6;2618
2025-12-19;74;75.8;73.1;73.3;2507
2025-12-22;73.1;73.1;70.5;71.9;6624
2025-12-23;71.9;71.9;70;71;9611
2025-12-29;71.5;73;71.1;72.4;2068
2025-12-30;72;74;70;72.8;4912
2026-01-02;72.6;75.9;72.6;75.4;797
2026-01-05;76.2;77.7;73;77.6;3457
2026-01-07;76.2;77.6;74;75.4;3837
2026-01-08;76;79.1;75;77.7;1653
2026-01-09;77.7;78.6;74.6;75;2157
2026-01-12;76;76;73;75.5;1857
2026-01-13;75.5;77.2;74.2;76.3;2824
2026-01-14;76.4;76.5;73.1;74.9;1532
2026-01-15;73.9;74.9;73.2;73.2;987
2026-01-16;73.2;75.1;72.7;73.8;2569
2026-01-19;73.8;75.4;73.4;74.7;699
2026-01-20;73.6;76;73.6;75.3;1078
2026-01-21;75.9;76.5;74.8;76.4;1277
2026-01-22;76.5;77.8;76;76.8;2720
2026-01-23;75.7;77.4;74.8;76.9;4363
